,News Agency,Tweets Ago,Date,Compound,Positive,Neutral,Negative,Tweet
0,@BBCNews,1,Mon Apr 02 23:43:30 +0000 2018,-0.5574,0.0,0.265,0.735,"UK ivory ban among 'toughest' in the world, says Gove https://t.co/zs3TZKrB1d"
1,@BBCNews,2,Mon Apr 02 23:10:50 +0000 2018,-0.6597,0.0,0.355,0.645,'One-stop shops' set to speed up cancer diagnosis https://t.co/MFhvaEqcKf
2,@BBCNews,3,Mon Apr 02 19:24:03 +0000 2018,-0.2023,0.0,0.318,0.682,Calor gas shortages leave customers without heating https://t.co/Hs2nF3uNbg
3,@BBCNews,4,Mon Apr 02 18:32:40 +0000 2018,0.296,0.268,0.0,0.732,Momentum admits Labour 'failure' over anti-Semitism https://t.co/O5zEjqutYL
4,@BBCNews,5,Mon Apr 02 18:07:37 +0000 2018,-0.7906,0.0,0.5,0.5,Met Police investigated over death of arrested man https://t.co/t7pRlNJ8sx
5,@BBCNews,6,Mon Apr 02 17:01:01 +0000 2018,0.6369,0.174,0.0,0.826,RT @BBC_HaveYourSay: Have you ever had to choose between the love of your life and your favourite sports team? #harryandmeghan's #RoyalWedd‚Ä¶
6,@BBCNews,7,Mon Apr 02 16:38:56 +0000 2018,-0.6133,0.0,0.357,0.643,AI 'poses less risk to jobs than feared' says OECD https://t.co/7CS3sn6n1I
7,@BBCNews,8,Mon Apr 02 15:42:44 +0000 2018,-0.6597,0.0,0.197,0.803,"RT @BBCSteveR: Russia's Foreign Minister Sergei Lavrov tells me why current tension between Moscow &amp; the West ""is worse now than in the old‚Ä¶"
8,@BBCNews,9,Mon Apr 02 15:33:53 +0000 2018,0.4019,0.231,0.0,0.769,"Snow, rain and floods make bank holiday travels a trial https://t.co/NV1ymrEg8s"
9,@BBCNews,10,Mon Apr 02 15:33:53 +0000 2018,-0.7717,0.102,0.49,0.408,Probe launched into Wrexham's HMP Berwyn prison death https://t.co/gkFDZehazt
10,@BBCNews,11,Mon Apr 02 14:21:53 +0000 2018,0.0,0.0,0.0,1.0,Nazanin Zaghari-Ratcliffe's husband 'disappointed' with Boris Johnson https://t.co/tZvEhUbyFk
11,@BBCNews,12,Mon Apr 02 14:07:27 +0000 2018,-0.4019,0.0,0.278,0.722,Swanage sea wall car crash pedestrian dies https://t.co/DWriuVxHbl
12,@BBCNews,13,Mon Apr 02 14:05:54 +0000 2018,-0.5574,0.0,0.184,0.816,"RT @BBCBreaking: South African anti-apartheid campaigner Winnie Mandela has died aged 81, her personal assistant says https://t.co/krdVvFLY‚Ä¶"
13,@BBCNews,14,Mon Apr 02 13:59:33 +0000 2018,-0.34,0.0,0.211,0.789,Russian spy: Sergei Lavrov accuses West of 'children's games' https://t.co/MQX5K9gCd0
14,@BBCNews,15,Mon Apr 02 13:43:37 +0000 2018,0.3818,0.153,0.0,0.847,"RT @BBCRosAtkins: Back in Jan 2017, my show Outside Source decided to try a self-monitoring system to increase our number of women contribu‚Ä¶"
15,@BBCNews,16,Mon Apr 02 13:36:53 +0000 2018,0.34,0.139,0.0,0.861,RT @BBCRosAtkins: This is a video the BBC‚Äôs made to show how a self-monitoring system we introduced on @BBCOS has increased the number of w‚Ä¶
16,@BBCNews,17,Mon Apr 02 11:41:54 +0000 2018,0.0,0.0,0.0,1.0,Men in court over ¬£1.3m Dromore drugs haul https://t.co/QbO24Ovddz
17,@BBCNews,18,Mon Apr 02 10:42:04 +0000 2018,0.0,0.0,0.0,1.0,Alan Pardew: West Bromwich Albion part company with manager https://t.co/Tr0fshEmqo
18,@BBCNews,19,Mon Apr 02 09:59:14 +0000 2018,-0.4019,0.0,0.231,0.769,'More than half' of UK households face broadband problems https://t.co/muaUtmMWMO
19,@BBCNews,20,Mon Apr 02 09:10:14 +0000 2018,-0.4019,0.115,0.265,0.619,Soldier dies in 'tragic diving incident' near Chepstow https://t.co/J2V3QgQt9z
20,@BBCNews,21,Mon Apr 02 23:43:30 +0000 2018,-0.5574,0.0,0.265,0.735,"UK ivory ban among 'toughest' in the world, says Gove https://t.co/zs3TZKrB1d"
21,@BBCNews,22,Mon Apr 02 23:10:50 +0000 2018,-0.6597,0.0,0.355,0.645,'One-stop shops' set to speed up cancer diagnosis https://t.co/MFhvaEqcKf
22,@BBCNews,23,Mon Apr 02 19:24:03 +0000 2018,-0.2023,0.0,0.318,0.682,Calor gas shortages leave customers without heating https://t.co/Hs2nF3uNbg
23,@BBCNews,24,Mon Apr 02 18:32:40 +0000 2018,0.296,0.268,0.0,0.732,Momentum admits Labour 'failure' over anti-Semitism https://t.co/O5zEjqutYL
24,@BBCNews,25,Mon Apr 02 18:07:37 +0000 2018,-0.7906,0.0,0.5,0.5,Met Police investigated over death of arrested man https://t.co/t7pRlNJ8sx
25,@BBCNews,26,Mon Apr 02 17:01:01 +0000 2018,0.6369,0.174,0.0,0.826,RT @BBC_HaveYourSay: Have you ever had to choose between the love of your life and your favourite sports team? #harryandmeghan's #RoyalWedd‚Ä¶
26,@BBCNews,27,Mon Apr 02 16:38:56 +0000 2018,-0.6133,0.0,0.357,0.643,AI 'poses less risk to jobs than feared' says OECD https://t.co/7CS3sn6n1I
27,@BBCNews,28,Mon Apr 02 15:42:44 +0000 2018,-0.6597,0.0,0.197,0.803,"RT @BBCSteveR: Russia's Foreign Minister Sergei Lavrov tells me why current tension between Moscow &amp; the West ""is worse now than in the old‚Ä¶"
28,@BBCNews,29,Mon Apr 02 15:33:53 +0000 2018,0.4019,0.231,0.0,0.769,"Snow, rain and floods make bank holiday travels a trial https://t.co/NV1ymrEg8s"
29,@BBCNews,30,Mon Apr 02 15:33:53 +0000 2018,-0.7717,0.102,0.49,0.408,Probe launched into Wrexham's HMP Berwyn prison death https://t.co/gkFDZehazt
30,@BBCNews,31,Mon Apr 02 14:21:53 +0000 2018,0.0,0.0,0.0,1.0,Nazanin Zaghari-Ratcliffe's husband 'disappointed' with Boris Johnson https://t.co/tZvEhUbyFk
31,@BBCNews,32,Mon Apr 02 14:07:27 +0000 2018,-0.4019,0.0,0.278,0.722,Swanage sea wall car crash pedestrian dies https://t.co/DWriuVxHbl
32,@BBCNews,33,Mon Apr 02 14:05:54 +0000 2018,-0.5574,0.0,0.184,0.816,"RT @BBCBreaking: South African anti-apartheid campaigner Winnie Mandela has died aged 81, her personal assistant says https://t.co/krdVvFLY‚Ä¶"
33,@BBCNews,34,Mon Apr 02 13:59:33 +0000 2018,-0.34,0.0,0.211,0.789,Russian spy: Sergei Lavrov accuses West of 'children's games' https://t.co/MQX5K9gCd0
34,@BBCNews,35,Mon Apr 02 13:43:37 +0000 2018,0.3818,0.153,0.0,0.847,"RT @BBCRosAtkins: Back in Jan 2017, my show Outside Source decided to try a self-monitoring system to increase our number of women contribu‚Ä¶"
35,@BBCNews,36,Mon Apr 02 13:36:53 +0000 2018,0.34,0.139,0.0,0.861,RT @BBCRosAtkins: This is a video the BBC‚Äôs made to show how a self-monitoring system we introduced on @BBCOS has increased the number of w‚Ä¶
36,@BBCNews,37,Mon Apr 02 11:41:54 +0000 2018,0.0,0.0,0.0,1.0,Men in court over ¬£1.3m Dromore drugs haul https://t.co/QbO24Ovddz
37,@BBCNews,38,Mon Apr 02 10:42:04 +0000 2018,0.0,0.0,0.0,1.0,Alan Pardew: West Bromwich Albion part company with manager https://t.co/Tr0fshEmqo
38,@BBCNews,39,Mon Apr 02 09:59:14 +0000 2018,-0.4019,0.0,0.231,0.769,'More than half' of UK households face broadband problems https://t.co/muaUtmMWMO
39,@BBCNews,40,Mon Apr 02 09:10:14 +0000 2018,-0.4019,0.115,0.265,0.619,Soldier dies in 'tragic diving incident' near Chepstow https://t.co/J2V3QgQt9z
40,@BBCNews,41,Mon Apr 02 08:26:02 +0000 2018,-0.3612,0.0,0.102,0.898,"RT @bbcweather: 4cm of #snow has already fallen in Bingley, W Yorkshire, 3cm in Leek, Staffordshire, 2cm in Aviemore, Highland and 1cm in N‚Ä¶"
41,@BBCNews,42,Mon Apr 02 07:58:03 +0000 2018,-0.4019,0.068,0.175,0.757,"RT @BBCr4today: Doctors have warned that winter pressures on hospitals in England are likely to extend into the summer. Dr Chaand Nagpaul,‚Ä¶"
42,@BBCNews,43,Mon Apr 02 07:28:08 +0000 2018,-0.8779,0.0,0.591,0.409,Two dead and one arrested after 'wrong-way' M62 crash https://t.co/KqmsR1PiID
43,@BBCNews,44,Mon Apr 02 07:06:06 +0000 2018,-0.7506,0.054,0.279,0.667,RT @BBCWiltshire: A Wiltshire soldier's died in a diving accident during an army training course - Lance Corporal George Partridge was with‚Ä¶
44,@BBCNews,45,Mon Apr 02 02:51:34 +0000 2018,0.0,0.0,0.0,1.0,Director of public prosecutions Alison Saunders to stand down https://t.co/1NydzCaUGr
45,@BBCNews,46,Mon Apr 02 00:57:57 +0000 2018,0.0,0.0,0.0,1.0,BBC wants gender balance of contributors by April 2019 https://t.co/aJAtycp02S
46,@BBCNews,47,Mon Apr 02 00:24:30 +0000 2018,0.0,0.0,0.0,1.0,Mission to demonstrate space junk tech https://t.co/8EyoySAntr
47,@BBCNews,48,Mon Apr 02 00:12:03 +0000 2018,-0.5106,0.0,0.231,0.769,Child poverty: Pale and hungry pupils 'fill pockets with school food' https://t.co/KKviJi7FuJ
48,@BBCNews,49,Sun Apr 01 23:37:32 +0000 2018,-0.1531,0.0,0.167,0.833,Aggressive bailiff behaviour remains 'lingering concern' - MoJ review https://t.co/vxUXd5dOxU
49,@BBCNews,50,Sun Apr 01 23:32:44 +0000 2018,0.0,0.0,0.0,1.0,UK winemakers toast record year https://t.co/M85g0Cc1mN
50,@BBCNews,51,Sun Apr 01 21:51:54 +0000 2018,-0.3182,0.0,0.204,0.796,Silsden gas loss: Thousands face third day without supplies https://t.co/BR0ru9BvBh
51,@BBCNews,52,Sun Apr 01 19:26:52 +0000 2018,-0.4767,0.0,0.307,0.693,Broken neck girl begins to walk again https://t.co/As2pxfUom6
52,@BBCNews,53,Sun Apr 01 19:15:00 +0000 2018,-0.6908,0.0,0.439,0.561,London murder rate overtakes New York's https://t.co/JLyng8LWhO
53,@BBCNews,54,Sun Apr 01 16:30:13 +0000 2018,-0.8316,0.0,0.37,0.63,"RT @BBCSteveR: UK-Russia war of words over Salisbury:

üá¨üáß about üá∑üá∫
reckless, despicable, culpable, malign, aggression, flagrant, barbaric,‚Ä¶"
54,@BBCNews,55,Sun Apr 01 16:23:44 +0000 2018,0.0,0.0,0.0,1.0,Eddie Izzard calls for Labour to 'stamp out' anti-Semitism https://t.co/vnZHIRCgKt
55,@BBCNews,56,Sun Apr 01 15:36:01 +0000 2018,0.0,0.0,0.0,1.0,"üòÜüòÇü§£

https://t.co/qjCDvEa0BI"
56,@BBCNews,57,Sun Apr 01 15:32:21 +0000 2018,0.0,0.0,0.0,1.0,Two unaccounted for after Knock house blaze https://t.co/T6zIznpzGZ
57,@BBCNews,58,Sun Apr 01 15:09:21 +0000 2018,0.0,0.0,0.0,1.0,"The Queen, Prince William and Catherine have attended an Easter service at Windsor Castle

https://t.co/e9XSQsTtz0 https://t.co/9djlDBmqUP"
58,@BBCNews,59,Sun Apr 01 15:04:47 +0000 2018,-0.4939,0.0,0.127,0.873,RT @BBCSteveR: Why's Russian TV showing the inventor of the sandwich (the Earl of Sandwich) in a report on the Skripals? Anchor: blaming Ru‚Ä¶
59,@BBCNews,60,Sun Apr 01 13:42:11 +0000 2018,-0.34,0.0,0.211,0.789,Baby 'in cardiac arrest' at West Midland Safari Park https://t.co/RPgsXzxtEh
60,@BBCNews,61,Sun Apr 01 13:28:50 +0000 2018,-0.0772,0.12,0.133,0.747,"Did you get caught out on April Fools day?

@RogerJ_01 and @BabitaBBC did on @BBCBreakfast thanks to a newspaper re‚Ä¶ https://t.co/XPejEoUgsY"
61,@BBCNews,62,Sun Apr 01 13:13:26 +0000 2018,0.0,0.0,0.0,1.0,Queen attends Easter service at Windsor without Prince Philip https://t.co/CIc7tydUZz
62,@BBCNews,63,Sun Apr 01 12:41:08 +0000 2018,0.0,0.0,0.0,1.0,"Three WW2 aircraft - a Spitfire T9, Spitfire Mk IX and a Hawker Hurricane X - fly over wartime airfield Biggin Hill‚Ä¶ https://t.co/BYe6r7JrYu"
63,@BBCNews,64,Sun Apr 01 12:16:24 +0000 2018,0.0,0.0,0.0,1.0,RT @BBCWorld: Inside the armoured green train used by Kim Jong-un on his trip to China https://t.co/C7djAnrGEC
64,@BBCNews,65,Sun Apr 01 12:07:40 +0000 2018,0.0,0.0,0.0,1.0,"RT @BBCScotlandNews: Bottle return scheme ""should be UK-wide"" https://t.co/JYZtsOAQd7 https://t.co/idYxOPNPxJ"
65,@BBCNews,66,Sun Apr 01 10:30:22 +0000 2018,0.0,0.0,0.0,1.0,"RT @BBCWorld: See you later Alligator. üêä 

https://t.co/hHMns7Dpwo https://t.co/f9TkLjsMot"
66,@BBCNews,67,Sun Apr 01 09:59:25 +0000 2018,0.0,0.0,0.0,1.0,RT @bbcweather: Last night saw the second (and final) #BlueMoon of 2018 and our #WeatherWatchers managed to find some breaks in the cloud t‚Ä¶
67,@BBCNews,68,Sun Apr 01 09:58:48 +0000 2018,0.0,0.0,0.0,1.0,"RT @BBCSport: It was a controlled performance from Anthony Joshua last night.

But Joseph Parker took him all the way.

Readüëâhttps://t.co/u‚Ä¶"
68,@BBCNews,69,Sun Apr 01 09:52:39 +0000 2018,-0.2263,0.0,0.137,0.863,RT @BBCScotlandNews: The forgotten Scot who was the RAF's founding father https://t.co/GiGYlx9Nx3 https://t.co/PjGjY2MOhU
69,@BBCNews,70,Sun Apr 01 09:48:01 +0000 2018,-0.4767,0.0,0.341,0.659,Woman arrested after Edinburgh firearms incident https://t.co/Yby0jbo9QY
70,@BBCNews,71,Sun Apr 01 09:48:00 +0000 2018,-0.6705,0.0,0.333,0.667,Northern Ireland boy killed in Tenerife hit and run https://t.co/dQlwuVFmfa
71,@BBCNews,72,Sun Apr 01 09:35:26 +0000 2018,-0.8225,0.0,0.632,0.368,Man charged as Haringey murder victim named https://t.co/kkEvBzHilX
72,@BBCNews,73,Sun Apr 01 09:23:50 +0000 2018,0.7783,0.3,0.057,0.643,"PM uses Easter message to praise ""the triumph of the human spirit"" as she recalls people affected by last year's te‚Ä¶ https://t.co/bf5fS2q5ql"
73,@BBCNews,74,Sun Apr 01 09:06:46 +0000 2018,-0.2023,0.202,0.272,0.526,"Northamptonshire suffering ""massive increase"" in gang activity https://t.co/IrfQZwJRrn"
74,@BBCNews,75,Sun Apr 01 08:35:59 +0000 2018,0.3612,0.102,0.0,0.898,"RT @BBC_HaveYourSay: Have you been invited to #harryandmeghan's #RoyalWedding on 19 May? 
If you have, we'd like to hear from you. Email ha‚Ä¶"
75,@BBCNews,76,Sun Apr 01 04:51:05 +0000 2018,0.0,0.0,0.0,1.0,Child burial fees waived in England https://t.co/ttub5URCE2
76,@BBCNews,77,Sun Apr 01 03:24:48 +0000 2018,0.0,0.0,0.0,1.0,PM reflects on Britain's 'dark moments' in Easter message https://t.co/OGCZM4XDGP
77,@BBCNews,78,Sun Apr 01 02:31:40 +0000 2018,0.2732,0.208,0.0,0.792,Increased fines for 'litter louts' come into effect https://t.co/rxLeoXf4tC
78,@BBCNews,79,Sun Apr 01 02:05:13 +0000 2018,0.7243,0.464,0.0,0.536,Labour Party 'not connected' to abusive anti-Jewish messages https://t.co/IfvZULgE9E
79,@BBCNews,80,Sun Apr 01 00:12:31 +0000 2018,0.0,0.0,0.0,1.0,Royal wedding: Prince Harry and Meghan Markle choose flowers https://t.co/bEV8gIGXKN
80,@BBCNews,81,Sat Mar 31 23:55:06 +0000 2018,0.4019,0.231,0.0,0.769,Special needs cash shortfall 'leaves thousands of pupils unplaced' https://t.co/cdDPMiO6XY
81,@BBCNews,82,Sat Mar 31 23:39:58 +0000 2018,0.0,0.0,0.0,1.0,Anthony Joshua beats Joseph Parker on points to add WBO world heavyweight title https://t.co/wK0SKDNiWQ
82,@BBCNews,83,Sat Mar 31 22:02:34 +0000 2018,-0.6124,0.125,0.375,0.5,Spy poisoning: UK plays down Russia complaint at plane search https://t.co/HCb3NrprDP
83,@BBCNews,84,Sat Mar 31 20:46:02 +0000 2018,-0.4939,0.202,0.372,0.426,Women found dead six hours after Basingstoke crash 'were amazing' https://t.co/z3VZRL4XnE
84,@BBCNews,85,Sat Mar 31 18:42:11 +0000 2018,-0.1779,0.092,0.124,0.783,8-year-old Alexa is going blind ‚Äî she's created a list of things she wants to see before that happens ‚ù§Ô∏è https://t.co/dr2Nrg3wkp
85,@BBCNews,86,Sat Mar 31 18:41:46 +0000 2018,0.0,0.0,0.0,1.0,RT @ChrisMasonBBC: Christine Shawcroft will be replaced on Labour's National Executive Committee by Eddie Izzard
86,@BBCNews,87,Sat Mar 31 18:33:40 +0000 2018,0.0,0.0,0.0,1.0,Shawcroft quits Labour ruling body https://t.co/P87CTEHuQT
87,@BBCNews,88,Sat Mar 31 16:25:04 +0000 2018,0.1531,0.122,0.1,0.778,"RT @BBCSport: An inspirational young man. üëè

Billy Monger, who had both his legs amputated after a crash last year, finished third on his B‚Ä¶"
88,@BBCNews,89,Sat Mar 31 16:24:27 +0000 2018,0.6647,0.267,0.105,0.628,"RT @BBCSteveR: After reading today's Russian papers, I have some good news &amp; some bad news. The good news: this isn't a new cold war. The b‚Ä¶"
89,@BBCNews,90,Sat Mar 31 16:03:08 +0000 2018,-0.5983,0.0,0.205,0.795,"RT @BBCSport: FT: Brighton 0-2 Leicester

It all happened late on at the Amex! Brighton miss a penalty, Leicester score two.

https://t.co/‚Ä¶"
90,@BBCNews,91,Sat Mar 31 16:03:02 +0000 2018,0.5994,0.225,0.084,0.691,"RT @BBCSport: FT: West Brom 1-2 Burnley 

It's eight successive defeats for West Brom.

A great result for Burnley though, who tighten thei‚Ä¶"
91,@BBCNews,92,Sat Mar 31 16:02:59 +0000 2018,0.0,0.0,0.0,1.0,"RT @BBCSport: FT: Watford 2-2 Bournemouth 

Loads of drama in this one! 

Four goals, including a stoppage time equaliser, plus one of the‚Ä¶"
92,@BBCNews,93,Sat Mar 31 16:02:41 +0000 2018,0.7269,0.264,0.0,0.736,"RT @BBCSport: FT: Manchester United 2-0 Swansea City 

Two goals in the first-half gives #MUFC a comfortable home victory.

https://t.co/tJ‚Ä¶"
93,@BBCNews,94,Sat Mar 31 16:02:35 +0000 2018,0.7777,0.312,0.0,0.688,"RT @BBCSport: FT: Newcastle United 1-0 Huddersfield Town 

Ayoze Perez wins it for #NUFC! 

#NEWHUD https://t.co/tJig6BnJWN https://t.co/xN‚Ä¶"
94,@BBCNews,95,Sat Mar 31 15:55:16 +0000 2018,-0.7906,0.0,0.389,0.611,UK soldier killed fighting IS in Syria named as Sgt Matt Tonroe https://t.co/FdCOYujDst
95,@BBCNews,96,Sat Mar 31 15:37:06 +0000 2018,0.7269,0.433,0.0,0.567,Redcar rescue: Four saved from sea by human chain https://t.co/ezQYF3dHZZ
96,@BBCNews,97,Sat Mar 31 15:10:17 +0000 2018,0.0772,0.053,0.0,0.947,RT @BBC_HaveYourSay: NHS at 70: We want your stories and memories of the #NHS from across the decades. Everyone from patients to doctors ar‚Ä¶
97,@BBCNews,98,Sat Mar 31 14:40:27 +0000 2018,-0.8957,0.0,0.607,0.393,IS 'Beatles duo' complaints anger murdered David Haines's daughter https://t.co/fSB2vzlxuu
98,@BBCNews,99,Sat Mar 31 14:23:16 +0000 2018,0.0,0.0,0.0,1.0,RT @BBCLondonNews: Man finds 'glistening' jewelled ring on London train https://t.co/g4uQpYVjZA https://t.co/MpiyoQ03t8
99,@BBCNews,100,Sat Mar 31 13:48:54 +0000 2018,0.0772,0.173,0.16,0.667,"RT @BBCSport: Former British boxing champion Chris Edwards has died at the age of 41.
https://t.co/1xhQwEeUDW https://t.co/WRC7zfykVO"
100,@CBSNews,1,Mon Apr 02 23:35:01 +0000 2018,0.2263,0.095,0.0,0.905,Video appears to show two Fort Worth officers repeatedly punching 35-year-old Forrest Curry while trying to place h‚Ä¶ https://t.co/9dav3S0ibk
101,@CBSNews,2,Mon Apr 02 23:10:37 +0000 2018,-0.0258,0.209,0.213,0.578,"The ""Affluenza teen"" is a free man. Ethan Couch, known for blaming his wealthy upbringing on a drunken crash that k‚Ä¶ https://t.co/MXsy20pJDS"
102,@CBSNews,3,Mon Apr 02 23:09:00 +0000 2018,0.5267,0.167,0.0,0.833,"RT @CBSEveningNews: MORE TO WATCH:

 ""We always thought, growing up, that  J. Edgar Hoover, and his FBI at that time, definitely had some d‚Ä¶"
103,@CBSNews,4,Mon Apr 02 23:04:36 +0000 2018,0.6249,0.177,0.0,0.823,"This is World Autism Awareness Day, and employers are becoming aware that adults with autism can be a great source‚Ä¶ https://t.co/7WqcdvEJdQ"
104,@CBSNews,5,Mon Apr 02 23:01:55 +0000 2018,0.0,0.0,0.0,1.0,"How far do you have to go to keep your identity a secret when you're online? As @tonydokoupil found out, staying an‚Ä¶ https://t.co/lMiGinFmiR"
105,@CBSNews,6,Mon Apr 02 23:00:26 +0000 2018,0.0,0.0,0.0,1.0,"""He was a doer, not just a dreamer."" Fifty years ago Dr. Martin Luther King, Jr. was assassinated in Memphis. King'‚Ä¶ https://t.co/WVR0NPFZpi"
106,@CBSNews,7,Mon Apr 02 22:54:02 +0000 2018,0.0,0.0,0.0,1.0,Hundreds of schools were closed¬†today in Oklahoma and Kentucky.¬†Thousands of teachers walked out¬†of classrooms to r‚Ä¶ https://t.co/WXV9sgTWA1
107,@CBSNews,8,Mon Apr 02 22:51:11 +0000 2018,-0.128,0.089,0.113,0.798,Bystanders captured video of Fort Worth officers punching 35-year-old Forrest Curry as they tried to arrest him. Hi‚Ä¶ https://t.co/WLsPzDbijG
108,@CBSNews,9,Mon Apr 02 22:40:19 +0000 2018,-0.7862,0.0,0.302,0.698,President Trump said DACA is dead because Democrats didn't care or act. @MajorCBS has more on this.‚Ä¶ https://t.co/rTHY5OI3ld
109,@CBSNews,10,Mon Apr 02 22:37:12 +0000 2018,0.0,0.0,0.0,1.0,"""Winter is not letting go so easy,"" @ericfisher says as a spring snowstorm has swept from the Midwest to the Northe‚Ä¶ https://t.co/MR3QamG0wi"
110,@CBSNews,11,Mon Apr 02 22:34:01 +0000 2018,-0.5267,0.0,0.161,0.839,"RT @CBSEveningNews: The Dow plunged as much as 700, hitting its low for the year before recovering some and closing with a loss of 458 poin‚Ä¶"
111,@CBSNews,12,Mon Apr 02 22:15:01 +0000 2018,-0.6486,0.062,0.239,0.7,Fired deputy FBI Director Andrew McCabe said Monday that he will stop gathering GoFundMe donations for his legal de‚Ä¶ https://t.co/pl7ZX0bLyT
112,@CBSNews,13,Mon Apr 02 22:00:02 +0000 2018,-0.5106,0.0,0.212,0.788,Massachusetts man falsely accused as gunman in Parkland shooting is suing Alex Jones and InfoWars for defamation‚Ä¶ https://t.co/zxOkZQypIP
113,@CBSNews,14,Mon Apr 02 21:32:06 +0000 2018,0.0,0.0,0.0,1.0,"Rep. Elizabeth Esty (D-CT) will not seek reelection, she announces; some had previously called for her resignation‚Ä¶ https://t.co/ynR76ngYTT"
114,@CBSNews,15,Mon Apr 02 21:03:02 +0000 2018,0.0,0.0,0.0,1.0,"China tariffs on U.S. products are ""significant,"" CBS News senior global affairs contributor says, but ""we're not i‚Ä¶ https://t.co/2ifBFBI9ik"
115,@CBSNews,16,Mon Apr 02 20:33:52 +0000 2018,-0.2263,0.066,0.105,0.83,"Pres. Trump jumped to the defense of Sinclair Broadcast Group, which is under fire following the rapid spread of a‚Ä¶ https://t.co/BPHClEbue8"
116,@CBSNews,17,Mon Apr 02 20:15:01 +0000 2018,0.4019,0.131,0.054,0.814,"After being found in more and more overdose deaths, gabapentin, a drug that has been touted as a safe alternative t‚Ä¶ https://t.co/l2yzH2vwHR"
117,@CBSNews,18,Mon Apr 02 20:00:03 +0000 2018,-0.5719,0.118,0.255,0.627,"Police have arrested two former day care workers, who allegedly lifted kids into the air, violently slammed them on‚Ä¶ https://t.co/J6sD3srQcH"
118,@CBSNews,19,Mon Apr 02 19:45:40 +0000 2018,0.0,0.0,0.0,1.0,"Cold, snowy weather is not only impacting the start of spring -- it's also impacting the start of baseball season‚Ä¶ https://t.co/x4sznrHlTf"
119,@CBSNews,20,Mon Apr 02 19:30:01 +0000 2018,0.4215,0.167,0.0,0.833,"""Condom snorting"" is the newest viral trend among teens on social media. And like the Tide Pod Challenge before it,‚Ä¶ https://t.co/Uh6rRGNvV3"
120,@CBSNews,21,Mon Apr 02 23:35:01 +0000 2018,0.2263,0.095,0.0,0.905,Video appears to show two Fort Worth officers repeatedly punching 35-year-old Forrest Curry while trying to place h‚Ä¶ https://t.co/9dav3S0ibk
121,@CBSNews,22,Mon Apr 02 23:10:37 +0000 2018,-0.0258,0.209,0.213,0.578,"The ""Affluenza teen"" is a free man. Ethan Couch, known for blaming his wealthy upbringing on a drunken crash that k‚Ä¶ https://t.co/MXsy20pJDS"
122,@CBSNews,23,Mon Apr 02 23:09:00 +0000 2018,0.5267,0.167,0.0,0.833,"RT @CBSEveningNews: MORE TO WATCH:

 ""We always thought, growing up, that  J. Edgar Hoover, and his FBI at that time, definitely had some d‚Ä¶"
123,@CBSNews,24,Mon Apr 02 23:04:36 +0000 2018,0.6249,0.177,0.0,0.823,"This is World Autism Awareness Day, and employers are becoming aware that adults with autism can be a great source‚Ä¶ https://t.co/7WqcdvEJdQ"
124,@CBSNews,25,Mon Apr 02 23:01:55 +0000 2018,0.0,0.0,0.0,1.0,"How far do you have to go to keep your identity a secret when you're online? As @tonydokoupil found out, staying an‚Ä¶ https://t.co/lMiGinFmiR"
125,@CBSNews,26,Mon Apr 02 23:00:26 +0000 2018,0.0,0.0,0.0,1.0,"""He was a doer, not just a dreamer."" Fifty years ago Dr. Martin Luther King, Jr. was assassinated in Memphis. King'‚Ä¶ https://t.co/WVR0NPFZpi"
126,@CBSNews,27,Mon Apr 02 22:54:02 +0000 2018,0.0,0.0,0.0,1.0,Hundreds of schools were closed¬†today in Oklahoma and Kentucky.¬†Thousands of teachers walked out¬†of classrooms to r‚Ä¶ https://t.co/WXV9sgTWA1
127,@CBSNews,28,Mon Apr 02 22:51:11 +0000 2018,-0.128,0.089,0.113,0.798,Bystanders captured video of Fort Worth officers punching 35-year-old Forrest Curry as they tried to arrest him. Hi‚Ä¶ https://t.co/WLsPzDbijG
128,@CBSNews,29,Mon Apr 02 22:40:19 +0000 2018,-0.7862,0.0,0.302,0.698,President Trump said DACA is dead because Democrats didn't care or act. @MajorCBS has more on this.‚Ä¶ https://t.co/rTHY5OI3ld
129,@CBSNews,30,Mon Apr 02 22:37:12 +0000 2018,0.0,0.0,0.0,1.0,"""Winter is not letting go so easy,"" @ericfisher says as a spring snowstorm has swept from the Midwest to the Northe‚Ä¶ https://t.co/MR3QamG0wi"
130,@CBSNews,31,Mon Apr 02 22:34:01 +0000 2018,-0.5267,0.0,0.161,0.839,"RT @CBSEveningNews: The Dow plunged as much as 700, hitting its low for the year before recovering some and closing with a loss of 458 poin‚Ä¶"
131,@CBSNews,32,Mon Apr 02 22:15:01 +0000 2018,-0.6486,0.062,0.239,0.7,Fired deputy FBI Director Andrew McCabe said Monday that he will stop gathering GoFundMe donations for his legal de‚Ä¶ https://t.co/pl7ZX0bLyT
132,@CBSNews,33,Mon Apr 02 22:00:02 +0000 2018,-0.5106,0.0,0.212,0.788,Massachusetts man falsely accused as gunman in Parkland shooting is suing Alex Jones and InfoWars for defamation‚Ä¶ https://t.co/zxOkZQypIP
133,@CBSNews,34,Mon Apr 02 21:32:06 +0000 2018,0.0,0.0,0.0,1.0,"Rep. Elizabeth Esty (D-CT) will not seek reelection, she announces; some had previously called for her resignation‚Ä¶ https://t.co/ynR76ngYTT"
134,@CBSNews,35,Mon Apr 02 21:03:02 +0000 2018,0.0,0.0,0.0,1.0,"China tariffs on U.S. products are ""significant,"" CBS News senior global affairs contributor says, but ""we're not i‚Ä¶ https://t.co/2ifBFBI9ik"
135,@CBSNews,36,Mon Apr 02 20:33:52 +0000 2018,-0.2263,0.066,0.105,0.83,"Pres. Trump jumped to the defense of Sinclair Broadcast Group, which is under fire following the rapid spread of a‚Ä¶ https://t.co/BPHClEbue8"
136,@CBSNews,37,Mon Apr 02 20:15:01 +0000 2018,0.4019,0.131,0.054,0.814,"After being found in more and more overdose deaths, gabapentin, a drug that has been touted as a safe alternative t‚Ä¶ https://t.co/l2yzH2vwHR"
137,@CBSNews,38,Mon Apr 02 20:00:03 +0000 2018,-0.5719,0.118,0.255,0.627,"Police have arrested two former day care workers, who allegedly lifted kids into the air, violently slammed them on‚Ä¶ https://t.co/J6sD3srQcH"
138,@CBSNews,39,Mon Apr 02 19:45:40 +0000 2018,0.0,0.0,0.0,1.0,"Cold, snowy weather is not only impacting the start of spring -- it's also impacting the start of baseball season‚Ä¶ https://t.co/x4sznrHlTf"
139,@CBSNews,40,Mon Apr 02 19:30:01 +0000 2018,0.4215,0.167,0.0,0.833,"""Condom snorting"" is the newest viral trend among teens on social media. And like the Tide Pod Challenge before it,‚Ä¶ https://t.co/Uh6rRGNvV3"
140,@CBSNews,41,Mon Apr 02 19:00:03 +0000 2018,0.0,0.0,0.0,1.0,"Most Americans don't think teachers in their community are paid enough, according to a recent CBS News poll‚Ä¶ https://t.co/vZHpmxDCu6"
141,@CBSNews,42,Mon Apr 02 18:45:01 +0000 2018,0.4404,0.206,0.0,0.794,Taylor Swift delivers surprise performance for a crowd of approximately 40 people at Nashville's Bluebird Cafe; the‚Ä¶ https://t.co/UMEOcyBNzu
142,@CBSNews,43,Mon Apr 02 18:29:59 +0000 2018,-0.6597,0.0,0.173,0.827,"When Dr. Martin Luther King Jr. was murdered, 50 years ago this week, Martin the third, Dexter &amp; Bernice King were‚Ä¶ https://t.co/pa6jBHsZCn"
143,@CBSNews,44,Mon Apr 02 18:00:49 +0000 2018,0.0,0.0,0.0,1.0,"""We are the future. Our students are the future. And they need to fund our future."" Thousands of teachers flooded t‚Ä¶ https://t.co/CbJL1Tm27R"
144,@CBSNews,45,Mon Apr 02 17:45:30 +0000 2018,-0.2263,0.0,0.091,0.909,Forget the Easter Bunny. A family in Florida just had a run-in with the Easter Alligator and caught the whole thing‚Ä¶ https://t.co/L0OVvVCWQW
145,@CBSNews,46,Mon Apr 02 17:28:30 +0000 2018,0.0772,0.08,0.0,0.92,"With a record number of women running for office, departing Planned Parenthood president Cecile Richards tells‚Ä¶ https://t.co/WzbzldGUMY"
146,@CBSNews,47,Mon Apr 02 16:51:49 +0000 2018,0.128,0.13,0.0,0.87,Congressional Democrats raise ethics questions about Trump defense fund https://t.co/n0aG5IFtd2 https://t.co/mdN3GCZkmj
147,@CBSNews,48,Mon Apr 02 16:30:32 +0000 2018,0.0,0.0,0.0,1.0,"Reporter: ""Mr. President, what about the DACA kids?""
Pres. Trump: ""The Democrats have really let them down.""
The pr‚Ä¶ https://t.co/a7QJVCKqbQ"
148,@CBSNews,49,Mon Apr 02 16:15:25 +0000 2018,0.0,0.0,0.0,1.0,"Winnie Madikizela-Mandela, the ex-wife of former South African leader Nelson Mandela -- and a political force and c‚Ä¶ https://t.co/7QlgDL3gga"
149,@CBSNews,50,Mon Apr 02 16:01:01 +0000 2018,0.0,0.0,0.0,1.0,Kremlin says President Trump invited Russian President Vladimir Putin to the White House https://t.co/mCoDVmE0C9 https://t.co/s7IkH0xepf
150,@CBSNews,51,Mon Apr 02 15:46:01 +0000 2018,-0.3612,0.0,0.152,0.848,"President Trrump defends Sinclair Broadcast after Deadspin video shows anchors reading a script criticizing ""fake""‚Ä¶ https://t.co/PENwsHCezG"
151,@CBSNews,52,Mon Apr 02 15:30:01 +0000 2018,0.4019,0.188,0.07,0.742,Syria's Assad poised for another huge symbolic victory as the biggest rebel group in eastern Ghouta suburbs of Dama‚Ä¶ https://t.co/Ooh8DPQ6DU
152,@CBSNews,53,Mon Apr 02 15:15:41 +0000 2018,0.3818,0.115,0.0,0.885,"A 13 year old who fell into a Los Angeles sewage pipe has been found alive after 8 hours in the ""toxic environment‚Ä¶ https://t.co/Ipjrcll50R"
153,@CBSNews,54,Mon Apr 02 15:00:02 +0000 2018,-0.6124,0.0,0.385,0.615,Kremlin insists billionaire's arrest part of anti-corruption fight https://t.co/XSTFfqom4I https://t.co/V8dAXoW42B
154,@CBSNews,55,Mon Apr 02 14:53:35 +0000 2018,0.0,0.0,0.0,1.0,The Easter Egg Roll -- one of the oldest White House traditions -- kicks off after remarks from @POTUS. Members of‚Ä¶ https://t.co/VFaqLIvCip
155,@CBSNews,56,Mon Apr 02 14:50:21 +0000 2018,0.3327,0.101,0.0,0.899,‚ÄúOur military is at a level where it has never been before‚Ä¶.The funding of our military was so important and so man‚Ä¶ https://t.co/F8q3TCZAN4
156,@CBSNews,57,Mon Apr 02 14:49:16 +0000 2018,0.5423,0.176,0.0,0.824,"‚ÄúOur country is doing great. You look at the economy. You look at what is happening. Nothing‚Äôs ever easy, but we ha‚Ä¶ https://t.co/vgjv53XWIz"
157,@CBSNews,58,Mon Apr 02 14:47:28 +0000 2018,0.302,0.152,0.069,0.779,"‚ÄúI want to really thank the first lady, Melania, who has done an incredible job. She worked so hard on this event a‚Ä¶ https://t.co/4cwNWykO9Q"
158,@CBSNews,59,Mon Apr 02 14:45:01 +0000 2018,-0.8481,0.0,0.535,0.465,Sheriff's deputy's vehicle strikes activist protesting Stephon Clark's death https://t.co/4G5Vc2Hcur https://t.co/B1P3mMZt1V
159,@CBSNews,60,Mon Apr 02 14:45:01 +0000 2018,0.0,0.0,0.0,1.0,"Former New Jersey Gov. Chris Christie on EPA Administrator Scott Pruitt controversy: ""I don't know how you survive‚Ä¶ https://t.co/zyzChLdVs7"
160,@CBSNews,61,Mon Apr 02 14:44:02 +0000 2018,0.0,0.0,0.0,1.0,"WATCH: President Trump and first lady Melania Trump host the annual ""Easter Egg Roll"" at the White House‚Ä¶ https://t.co/0TfDZpIdA3"
161,@CBSNews,62,Mon Apr 02 14:33:33 +0000 2018,-0.765,0.0,0.28,0.72,"Madikizela-Mandela was, along with her ex-husband, a key figure in the fight to end the racist Apartheid system imp‚Ä¶ https://t.co/4zJ1mlOk9I"
162,@CBSNews,63,Mon Apr 02 14:31:02 +0000 2018,-0.5574,0.0,0.175,0.825,"Winnie Madikizela-Mandela, Nelson Mandela's wife, has passed away at 81. ""She died after a long illness... She succ‚Ä¶ https://t.co/IxdZM6bG3O"
163,@CBSNews,64,Mon Apr 02 14:30:01 +0000 2018,0.0,0.0,0.0,1.0,5 tips for Mark Zuckerberg's day in Congress: PR pros who prep CEOs for such high-stakes public grillings have stro‚Ä¶ https://t.co/bHchCZp5Vs
164,@CBSNews,65,Mon Apr 02 14:15:03 +0000 2018,0.0,0.0,0.0,1.0,China's tariff hikes: Here are the U.S. products getting hit https://t.co/cSiIu9dLzG https://t.co/Tv5UlYJAIn
165,@CBSNews,66,Mon Apr 02 14:00:02 +0000 2018,-0.5267,0.0,0.221,0.779,"President Trump says he wants skilled immigrants, but raises new obstacles https://t.co/d1YKuGhlqr https://t.co/95kqlLWI6d"
166,@CBSNews,67,Mon Apr 02 13:45:01 +0000 2018,0.0,0.0,0.0,1.0,"In a three-page memo obtained by the AP, White House ""talking points"" lay out seven ""lies"" that it said Shulkin had‚Ä¶ https://t.co/kcPDqFGb6O"
167,@CBSNews,68,Mon Apr 02 13:30:01 +0000 2018,0.0,0.0,0.0,1.0,Japan's Shinzo Abe to visit Mar-a-Lago to discuss North Korea with Trump https://t.co/PXXDvKNM63 https://t.co/ljsJoSR1e4
168,@CBSNews,69,Mon Apr 02 13:15:45 +0000 2018,0.7783,0.274,0.0,0.726,"""We don't normally handle these situations, and it feels great to help directly bring a new life into this world,""‚Ä¶ https://t.co/UOk64ypwxs"
169,@CBSNews,70,Mon Apr 02 13:01:01 +0000 2018,0.0,0.0,0.0,1.0,Missouri GOP Senate candidate Josh Hawley sidesteps question on Trump's behavior https://t.co/HKByFWYNOI https://t.co/jVcsEzb9iL
170,@CBSNews,71,Mon Apr 02 12:47:16 +0000 2018,0.1531,0.078,0.0,0.922,Biologists are challenging the idea of naturalist Charles Darwin that evolution can not be observed in real time. U‚Ä¶ https://t.co/jsPlcM34p6
171,@CBSNews,72,Mon Apr 02 12:41:36 +0000 2018,0.1154,0.065,0.0,0.935,"A firefighter surprised two young girls at their home in Ohio, but when he took off his mask and helmet, they reali‚Ä¶ https://t.co/azLZXi40q6"
172,@CBSNews,73,Mon Apr 02 12:35:13 +0000 2018,0.0,0.0,0.0,1.0,Here‚Äôs a look at this morning‚Äôs other headlines on @CBSThisMorning: https://t.co/XrcsXi5mE7
173,@CBSNews,74,Mon Apr 02 12:30:01 +0000 2018,-0.6486,0.0,0.249,0.751,"Pres. Trump tweets ""DACA is dead"" after spending Easter slamming Mexico, Democrats https://t.co/YF1x2TLrwG https://t.co/grH8B4YzWc"
174,@CBSNews,75,Mon Apr 02 12:24:36 +0000 2018,0.0,0.0,0.0,1.0,Dr. Martin Luther King Jr.‚Äôs children speak about their father's legacy and say he was far more radical in his idea‚Ä¶ https://t.co/IDwaJAhhb4
175,@CBSNews,76,Mon Apr 02 12:18:40 +0000 2018,-0.5994,0.0,0.17,0.83,"This week marks the 50th anniversary of the assassination of Dr. Martin Luther King Jr. Only on CBS News,‚Ä¶ https://t.co/aVbFkZoB5v"
176,@CBSNews,77,Mon Apr 02 12:11:20 +0000 2018,0.0,0.0,0.0,1.0,"Dr. Martin Luther King Jr. was assassinated 50 years ago this week. Ahead and only on CBS News, his children reflec‚Ä¶ https://t.co/HdWB5LFyPj"
177,@CBSNews,78,Mon Apr 02 12:08:40 +0000 2018,0.2263,0.112,0.0,0.888,Student protestors at Howard University are entering their fifth straight day occupying schools' administrative bui‚Ä¶ https://t.co/BLjSItWnQD
178,@CBSNews,79,Mon Apr 02 12:06:08 +0000 2018,-0.4019,0.0,0.137,0.863,China's new tariffs on American products take effect today amid heightened tensions over trade. China announced the‚Ä¶ https://t.co/t24wWKU3AP
179,@CBSNews,80,Mon Apr 02 12:05:05 +0000 2018,0.25,0.126,0.087,0.787,Lawmakers are pushing back against Pres. Trump‚Äôs vow that there will be no deal to save the DACA program. Trump twe‚Ä¶ https://t.co/9L0uerUbZ9
180,@CBSNews,81,Mon Apr 02 12:01:01 +0000 2018,0.0,0.0,0.0,1.0,"China's defunct space station, Tiangong 1, re-entered the Earth's atmosphere after 8 p.m. ET Sunday, mostly burning‚Ä¶ https://t.co/GL05Ea97Iv"
181,@CBSNews,82,Mon Apr 02 11:52:32 +0000 2018,0.0,0.0,0.0,1.0,Here‚Äôs a look at this morning‚Äôs other headlines on @CBSThisMorning https://t.co/f4C84V3fes
182,@CBSNews,83,Mon Apr 02 11:46:15 +0000 2018,0.0,0.0,0.0,1.0,French President Emmanuel Macron spoke with @WIRED editor-in-chief and CBS News contributor @nxthompson and said th‚Ä¶ https://t.co/lapQy4yBF6
183,@CBSNews,84,Mon Apr 02 11:45:01 +0000 2018,0.0,0.0,0.0,1.0,"With tech companies tracking us online, @TonyDokoupil tried to see if it's even possible to shop online without giv‚Ä¶ https://t.co/DkjoVscPfY"
184,@CBSNews,85,Mon Apr 02 11:37:32 +0000 2018,-0.2023,0.125,0.161,0.714,The entertainment world is remembering TV writer and producer Steven Bochco. He died yesterday after a long battle‚Ä¶ https://t.co/l1CXWlwCZt
185,@CBSNews,86,Mon Apr 02 11:33:39 +0000 2018,-0.802,0.0,0.324,0.676,Investigators say the crash off a California cliff that killed a Washington state family may have been intentional.‚Ä¶ https://t.co/sB5ib4qmJy
186,@CBSNews,87,Mon Apr 02 11:33:07 +0000 2018,0.0,0.0,0.0,1.0,"Here are three things you should know this morning:
1‚É£Russia tests anti-ballistic missile
2‚É£Jury selection in Cosby‚Ä¶ https://t.co/LOc78SUdKs"
187,@CBSNews,88,Mon Apr 02 11:21:01 +0000 2018,0.0,0.0,0.0,1.0,"Remembering Steven Bochco, TV creator of ""Hill Street Blues"" and ""NYPD Blue""  https://t.co/WSUBh4bjsu https://t.co/c9qH6fN0l7"
188,@CBSNews,89,Mon Apr 02 11:18:46 +0000 2018,0.0,0.0,0.0,1.0,"Millions of shoppers at Saks Fifth Avenue, Saks off Fifth and Lord &amp; Taylor may be impacted by a massive data breac‚Ä¶ https://t.co/uuShVNJaAa"
189,@CBSNews,90,Mon Apr 02 11:14:28 +0000 2018,0.0,0.0,0.0,1.0,The Sacramento Sheriff's Dept. will release more information after one of its vehicles hit a protester Saturday. A‚Ä¶ https://t.co/9rbgV8uU1j
190,@CBSNews,91,Mon Apr 02 11:12:40 +0000 2018,0.0,0.0,0.0,1.0,Hundreds of schools in Oklahoma and Kentucky are closed today as thousands of teachers prepare to rally at their St‚Ä¶ https://t.co/fnhKnkN1WP
191,@CBSNews,92,Mon Apr 02 11:11:57 +0000 2018,0.0,0.0,0.0,1.0,Pieces of the defunct Chinese space station crashed overnight into a remote part of the South Pacific. The Tiangong‚Ä¶ https://t.co/imDW8ErDPs
192,@CBSNews,93,Mon Apr 02 11:10:52 +0000 2018,0.0,0.0,0.0,1.0,"A Spring snowstorm is affecting 35 million people in the East. Around two inches could fall in New York, while part‚Ä¶ https://t.co/muCYhKqdeY"
193,@CBSNews,94,Mon Apr 02 11:08:42 +0000 2018,0.128,0.09,0.065,0.846,China imposed significant tariffs overnight on more than 100 imported American goods. The move is in retaliation fo‚Ä¶ https://t.co/rKLZNq7kXj
194,@CBSNews,95,Mon Apr 02 11:05:33 +0000 2018,-0.4019,0.101,0.211,0.688,President Trump promised no more immigration talks with Congress and also threatened to end NAFTA if Mexico does no‚Ä¶ https://t.co/lE5eMedCDw
195,@CBSNews,96,Mon Apr 02 11:04:03 +0000 2018,-0.4228,0.095,0.177,0.728,"Fifty years after Martin Luther King Jr.'s assassination, a vast majority of Americans call him a very important hi‚Ä¶ https://t.co/YAQvi03t6g"
196,@CBSNews,97,Mon Apr 02 11:00:02 +0000 2018,-0.5994,0.0,0.178,0.822,"This week marks the 50th anniversary of the assassination of Dr. Martin Luther King Jr. Ahead on @CBSThisMorning,‚Ä¶ https://t.co/QpD6pxc3LY"
197,@CBSNews,98,Mon Apr 02 10:55:01 +0000 2018,-0.802,0.0,0.324,0.676,Investigators say the crash off a California cliff that killed a Washington state family may have been intentional.‚Ä¶ https://t.co/NzOyR1yVM5
198,@CBSNews,99,Mon Apr 02 10:45:01 +0000 2018,0.0,0.0,0.0,1.0,AHEAD on @CBSThisMorning: @CecileRichards is entering her final weeks at the helm of Planned Parenthood. She will s‚Ä¶ https://t.co/SfBSB1MKV8
199,@CBSNews,100,Mon Apr 02 10:41:01 +0000 2018,-0.802,0.0,0.324,0.676,"Deadly SUV cliff crash that killed a Washington state family may have been intentional, according preliminary evide‚Ä¶ https://t.co/mJaZ2mMNeI"
200,@CNN,1,Mon Apr 02 23:44:07 +0000 2018,-0.4404,0.0,0.163,0.837,"CNN's @ErinBurnett: ""The President talks the tough talk on firing. But when it comes down to it, he isn't saying th‚Ä¶ https://t.co/yRkBi4aPUh"
201,@CNN,2,Mon Apr 02 23:37:00 +0000 2018,-0.8271,0.0,0.288,0.712,"RT @OutFrontCNN: ""It's not a dog whistle. It's a foghorn. ... It's simply racist to say that people are stealing our country."" - Democratic‚Ä¶"
202,@CNN,3,Mon Apr 02 23:36:49 +0000 2018,0.1531,0.118,0.0,0.882,4 groups that are warming up to Donald Trump | Analysis by @CillizzaCNN https://t.co/XlCSBzqcHD https://t.co/bNatECK1LM
203,@CNN,4,Mon Apr 02 23:23:50 +0000 2018,0.0,0.0,0.0,1.0,"""Is this America's new face to the world?"" asks Ruth Ben-Ghiat, writing via @CNNOpinion about this photo of White H‚Ä¶ https://t.co/emYfkdkufe"
204,@CNN,5,Mon Apr 02 23:16:35 +0000 2018,-0.1027,0.07,0.089,0.841,A Florida middle school teacher is resigning after it was found she was also the host of a white supremacist podcas‚Ä¶ https://t.co/AjDkPaplrX
205,@CNN,6,Mon Apr 02 23:14:23 +0000 2018,-0.1779,0.0,0.096,0.904,Trump is obsessed with going 'nuclear' in the Senate | Analysis by CNN's Z. Byron Wolf https://t.co/ILKDLi4fWQ https://t.co/zP0OaZKdvk
206,@CNN,7,Mon Apr 02 22:58:38 +0000 2018,0.4019,0.137,0.0,0.863,"Roger Stone's potential ties to WikiLeaks and its founder, Julian Assange, are being investigated by special counse‚Ä¶ https://t.co/wRd2OcAxi1"
207,@CNN,8,Mon Apr 02 22:47:29 +0000 2018,0.296,0.104,0.0,0.896,Intel shares dipped several percentage points on a report that Apple plans to start making its own processors for M‚Ä¶ https://t.co/6jtXt1rfpS
208,@CNN,9,Mon Apr 02 22:39:11 +0000 2018,0.2023,0.096,0.0,0.904,President Trump has nominated Justin Muzinich as the Treasury Department's deputy secretary. He will serve as Treas‚Ä¶ https://t.co/P5ptl6e76M
209,@CNN,10,Mon Apr 02 22:34:24 +0000 2018,-0.1779,0.0,0.102,0.898,"California's attorney general sued Sutter Health, accusing the hospital giant of illegally quashing competition and‚Ä¶ https://t.co/OX5B6cII9E"
210,@CNN,11,Mon Apr 02 22:34:11 +0000 2018,0.0,0.0,0.0,1.0,"RT @CNNSitRoom: If President Trump pulls the US out of Syria, he will ‚Äúpay a price ... from a history‚Äôs point of view,‚Äù former CIA Director‚Ä¶"
211,@CNN,12,Mon Apr 02 22:31:21 +0000 2018,0.0,0.0,0.0,1.0,The Environment Protection Agency wants to give automakers a break on emissions rules established under the Obama A‚Ä¶ https://t.co/pHrCejgpAI
212,@CNN,13,Mon Apr 02 22:17:46 +0000 2018,0.5921,0.203,0.0,0.797,"Wall Street is sending President Trump a message: Don't start a trade war. And lay off Amazon, one of the most impo‚Ä¶ https://t.co/d53hoXQ0KQ"
213,@CNN,14,Mon Apr 02 22:14:22 +0000 2018,-0.25,0.074,0.112,0.814,"RT @CNNSitRoom: After President Trump called the DOJ and FBI an embarrassment to our country, Rep. Castro says he‚Äôs surprised that Jeff Ses‚Ä¶"
214,@CNN,15,Mon Apr 02 22:00:39 +0000 2018,0.0,0.0,0.0,1.0,How office buildings are reducing their carbon footprint https://t.co/wpTo0rT1Re https://t.co/f5BnMN5Sov
215,@CNN,16,Mon Apr 02 21:58:36 +0000 2018,-0.6369,0.0,0.198,0.802,The National Institute on Alcohol Abuse and Alcoholism is coming under scrutiny over communications with the alcoho‚Ä¶ https://t.co/7iQzWF9C64
216,@CNN,17,Mon Apr 02 21:50:33 +0000 2018,0.6249,0.242,0.0,0.758,The Trump administration is reconsidering its proposal to sharply increase entry fees at some popular national park‚Ä¶ https://t.co/5unIjFba2q
217,@CNN,18,Mon Apr 02 21:47:17 +0000 2018,-0.7096,0.0,0.258,0.742,RT @TheLeadCNN: Sinclair responds to criticism of their media-bashing promos that TV anchors were forced to read https://t.co/f3NrQGtVBK ht‚Ä¶
218,@CNN,19,Mon Apr 02 21:41:06 +0000 2018,0.1027,0.126,0.108,0.766,One day after Vermont lawmakers approved sweeping gun control measures that include limits on the size of magazines‚Ä¶ https://t.co/d0ala3G2qY
219,@CNN,20,Mon Apr 02 21:31:05 +0000 2018,0.0,0.0,0.0,1.0,Democratic Rep. Elizabeth Esty announces she is not seeking re-election after revelations that she kept her chief o‚Ä¶ https://t.co/IyJfBqMiuC
220,@CNN,21,Mon Apr 02 23:44:07 +0000 2018,-0.4404,0.0,0.163,0.837,"CNN's @ErinBurnett: ""The President talks the tough talk on firing. But when it comes down to it, he isn't saying th‚Ä¶ https://t.co/yRkBi4aPUh"
221,@CNN,22,Mon Apr 02 23:37:00 +0000 2018,-0.8271,0.0,0.288,0.712,"RT @OutFrontCNN: ""It's not a dog whistle. It's a foghorn. ... It's simply racist to say that people are stealing our country."" - Democratic‚Ä¶"
222,@CNN,23,Mon Apr 02 23:36:49 +0000 2018,0.1531,0.118,0.0,0.882,4 groups that are warming up to Donald Trump | Analysis by @CillizzaCNN https://t.co/XlCSBzqcHD https://t.co/bNatECK1LM
223,@CNN,24,Mon Apr 02 23:23:50 +0000 2018,0.0,0.0,0.0,1.0,"""Is this America's new face to the world?"" asks Ruth Ben-Ghiat, writing via @CNNOpinion about this photo of White H‚Ä¶ https://t.co/emYfkdkufe"
224,@CNN,25,Mon Apr 02 23:16:35 +0000 2018,-0.1027,0.07,0.089,0.841,A Florida middle school teacher is resigning after it was found she was also the host of a white supremacist podcas‚Ä¶ https://t.co/AjDkPaplrX
225,@CNN,26,Mon Apr 02 23:14:23 +0000 2018,-0.1779,0.0,0.096,0.904,Trump is obsessed with going 'nuclear' in the Senate | Analysis by CNN's Z. Byron Wolf https://t.co/ILKDLi4fWQ https://t.co/zP0OaZKdvk
226,@CNN,27,Mon Apr 02 22:58:38 +0000 2018,0.4019,0.137,0.0,0.863,"Roger Stone's potential ties to WikiLeaks and its founder, Julian Assange, are being investigated by special counse‚Ä¶ https://t.co/wRd2OcAxi1"
227,@CNN,28,Mon Apr 02 22:47:29 +0000 2018,0.296,0.104,0.0,0.896,Intel shares dipped several percentage points on a report that Apple plans to start making its own processors for M‚Ä¶ https://t.co/6jtXt1rfpS
228,@CNN,29,Mon Apr 02 22:39:11 +0000 2018,0.2023,0.096,0.0,0.904,President Trump has nominated Justin Muzinich as the Treasury Department's deputy secretary. He will serve as Treas‚Ä¶ https://t.co/P5ptl6e76M
229,@CNN,30,Mon Apr 02 22:34:24 +0000 2018,-0.1779,0.0,0.102,0.898,"California's attorney general sued Sutter Health, accusing the hospital giant of illegally quashing competition and‚Ä¶ https://t.co/OX5B6cII9E"
230,@CNN,31,Mon Apr 02 22:34:11 +0000 2018,0.0,0.0,0.0,1.0,"RT @CNNSitRoom: If President Trump pulls the US out of Syria, he will ‚Äúpay a price ... from a history‚Äôs point of view,‚Äù former CIA Director‚Ä¶"
231,@CNN,32,Mon Apr 02 22:31:21 +0000 2018,0.0,0.0,0.0,1.0,The Environment Protection Agency wants to give automakers a break on emissions rules established under the Obama A‚Ä¶ https://t.co/pHrCejgpAI
232,@CNN,33,Mon Apr 02 22:17:46 +0000 2018,0.5921,0.203,0.0,0.797,"Wall Street is sending President Trump a message: Don't start a trade war. And lay off Amazon, one of the most impo‚Ä¶ https://t.co/d53hoXQ0KQ"
233,@CNN,34,Mon Apr 02 22:14:22 +0000 2018,-0.25,0.074,0.112,0.814,"RT @CNNSitRoom: After President Trump called the DOJ and FBI an embarrassment to our country, Rep. Castro says he‚Äôs surprised that Jeff Ses‚Ä¶"
234,@CNN,35,Mon Apr 02 22:00:39 +0000 2018,0.0,0.0,0.0,1.0,How office buildings are reducing their carbon footprint https://t.co/wpTo0rT1Re https://t.co/f5BnMN5Sov
235,@CNN,36,Mon Apr 02 21:58:36 +0000 2018,-0.6369,0.0,0.198,0.802,The National Institute on Alcohol Abuse and Alcoholism is coming under scrutiny over communications with the alcoho‚Ä¶ https://t.co/7iQzWF9C64
236,@CNN,37,Mon Apr 02 21:50:33 +0000 2018,0.6249,0.242,0.0,0.758,The Trump administration is reconsidering its proposal to sharply increase entry fees at some popular national park‚Ä¶ https://t.co/5unIjFba2q
237,@CNN,38,Mon Apr 02 21:47:17 +0000 2018,-0.7096,0.0,0.258,0.742,RT @TheLeadCNN: Sinclair responds to criticism of their media-bashing promos that TV anchors were forced to read https://t.co/f3NrQGtVBK ht‚Ä¶
238,@CNN,39,Mon Apr 02 21:41:06 +0000 2018,0.1027,0.126,0.108,0.766,One day after Vermont lawmakers approved sweeping gun control measures that include limits on the size of magazines‚Ä¶ https://t.co/d0ala3G2qY
239,@CNN,40,Mon Apr 02 21:31:05 +0000 2018,0.0,0.0,0.0,1.0,Democratic Rep. Elizabeth Esty announces she is not seeking re-election after revelations that she kept her chief o‚Ä¶ https://t.co/IyJfBqMiuC
240,@CNN,41,Mon Apr 02 21:26:12 +0000 2018,0.0,0.0,0.0,1.0,"RT @TheLeadCNN: Dem. Senator Mazie Hirono calls President Trump's suggestion to pull US troops out of Syria another example of his ""incoher‚Ä¶"
241,@CNN,42,Mon Apr 02 21:23:04 +0000 2018,-0.1027,0.0,0.069,0.931,The White House says a new immigration push is coming as President Trump posts a string of tweets pushing a hard li‚Ä¶ https://t.co/OK9Gv0UIgL
242,@CNN,43,Mon Apr 02 21:15:51 +0000 2018,0.0,0.0,0.0,1.0,Democratic Rep. Elizabeth Esty announces she is not seeking re-election after revelations that she kept her chief o‚Ä¶ https://t.co/1Q9XuyMgg7
243,@CNN,44,Mon Apr 02 21:06:12 +0000 2018,0.0,0.0,0.0,1.0,CNN has learned that the US military is discussing sending more troops to Syria; US President Trump remarked last T‚Ä¶ https://t.co/MsQvMGNVkj
244,@CNN,45,Mon Apr 02 21:03:01 +0000 2018,0.0,0.0,0.0,1.0,Elizabeth Esty just bowed to the inevitable | Analysis by @CillizzaCNN https://t.co/5X8xQd1n9A https://t.co/Q5GbV1PgS9
245,@CNN,46,Mon Apr 02 21:00:30 +0000 2018,0.0,0.0,0.0,1.0,"A Democratic candidate in Kentucky said she will pull her campaign ads from a local Sinclair station, and called on‚Ä¶ https://t.co/OKuTLtQHkK"
246,@CNN,47,Mon Apr 02 20:57:47 +0000 2018,0.0,0.0,0.0,1.0,"RT @TheLeadCNN: CNN has learned that the US military is discussing sending more troops to Syria, as Trump said last Thursday that the US wo‚Ä¶"
247,@CNN,48,Mon Apr 02 20:57:26 +0000 2018,0.2263,0.163,0.12,0.718,"The conservative majority is undermining worker protections from the 1930s, Justice Ruth Bader Ginsburg wrote, ""wit‚Ä¶ https://t.co/iHkbwYngxo"
248,@CNN,49,Mon Apr 02 20:53:44 +0000 2018,0.3612,0.128,0.0,0.872,"RT @CNNnewsroom: Sinclair Broadcasting‚Äôs ‚Äúfake news"" promo sounds ""a lot like pro-Trump anti-media messaging‚Äù says CNN‚Äôs @brianstelter http‚Ä¶"
249,@CNN,50,Mon Apr 02 20:51:44 +0000 2018,0.0,0.0,0.0,1.0,"If Trump really wanted a DACA deal, there'd be a DACA deal | Analysis by CNN's Gregory Krieg https://t.co/IPTcxApUSu https://t.co/hP4h2kjGKC"
250,@CNN,51,Mon Apr 02 20:49:16 +0000 2018,-0.7184,0.0,0.429,0.571,New York tightens gun restrictions for domestic abusers https://t.co/RHjSk55MQn https://t.co/e9RUJJJX70
251,@CNN,52,Mon Apr 02 20:36:00 +0000 2018,0.0,0.0,0.0,1.0,"A dingy, old painting found in an Iowa art gallery's closet turns out to be the work of a 16th-century Dutch master‚Ä¶ https://t.co/OpnL196Rkr"
252,@CNN,53,Mon Apr 02 20:25:54 +0000 2018,0.0,0.0,0.0,1.0,President Trump puts hold on more than $200 million in Syria recovery funds https://t.co/UV71l7zsDf https://t.co/UIGBGCK6rK
253,@CNN,54,Mon Apr 02 20:24:42 +0000 2018,-0.7351,0.064,0.297,0.639,BREAKING: The Dow drops 459 points as trade tensions rise. Amazon loses 5% after Trump's Twitter attacks on the int‚Ä¶ https://t.co/WwKMdPAiiu
254,@CNN,55,Mon Apr 02 20:11:50 +0000 2018,-0.34,0.0,0.112,0.888,"Amelia Gray Hamlin, the daughter of actors Lisa Rinna and Harry Hamlin, revealed on Instagram that she struggled wi‚Ä¶ https://t.co/YlfOQR3mkX"
255,@CNN,56,Mon Apr 02 20:11:19 +0000 2018,0.0,0.0,0.0,1.0,"Pope Francis used his Easter Sunday address to call for ""reconciliation for the Holy Land,"" in an apparent referenc‚Ä¶ https://t.co/kxDMzalVhT"
256,@CNN,57,Mon Apr 02 20:04:29 +0000 2018,-0.91,0.052,0.432,0.517,"RT @CNNMoney: Dow closes down 459 points on trade war fears, tech drop. Nasdaq sinks 2.7%. Amazon loses 5% after Trump attack. https://t.co‚Ä¶"
257,@CNN,58,Mon Apr 02 20:01:11 +0000 2018,0.5719,0.198,0.0,0.802,Pernilla Lindberg wins her first title at her 250th professional tournament -- and it's a major‚Ä¶ https://t.co/pShnuskrXn
258,@CNN,59,Mon Apr 02 19:56:16 +0000 2018,0.0,0.0,0.0,1.0,"RT @CNNnewsroom: Our textbooks are so outdated they ""talk about going to your local librarian so they can talk to you about this new thing‚Ä¶"
259,@CNN,60,Mon Apr 02 19:54:20 +0000 2018,0.0,0.0,0.0,1.0,A lawyer for President Trump has begun the process of appealing last month's decision by a New York judge to allow‚Ä¶ https://t.co/5N5V3yaEw6
260,@CNN,61,Mon Apr 02 19:52:49 +0000 2018,0.3182,0.113,0.0,0.887,An official with the US Immigration and Customs Enforcement office in San Francisco apologized for posting an image‚Ä¶ https://t.co/NNBmMXOTrL
261,@CNN,62,Mon Apr 02 19:41:03 +0000 2018,-0.7391,0.0,0.341,0.659,"Losing MLK ""hurts all the time,"" but we fight on, Jesse Jackson says https://t.co/NUfuH4Chuc via @CNNOpinion https://t.co/QGS3mQzJal"
262,@CNN,63,Mon Apr 02 19:31:06 +0000 2018,0.0258,0.05,0.0,0.95,"Why Sinclair matters: The company is the largest owner of local TV stations in the US, and local news is Americans'‚Ä¶ https://t.co/FtwlHH0iZH"
263,@CNN,64,Mon Apr 02 19:21:04 +0000 2018,-0.5106,0.0,0.216,0.784,Sinclair's fake-news zombies should terrify you | By David Rothkopf via @CNNOpinion https://t.co/rmEhwdbIdR https://t.co/G9vZz0YIQw
264,@CNN,65,Mon Apr 02 19:11:07 +0000 2018,-0.1027,0.0,0.097,0.903,A coal power company files for bankruptcy and asks President Trump for a bailout https://t.co/BHqry0OJUr https://t.co/qIhW9NhYgV
265,@CNN,66,Mon Apr 02 19:01:02 +0000 2018,-0.4939,0.0,0.219,0.781,"Critics are calling Sinclair's promos pro-Trump propaganda. Now the company is defending the initiative as a ""corpo‚Ä¶ https://t.co/xPRM8RxI31"
266,@CNN,67,Mon Apr 02 18:50:06 +0000 2018,0.1027,0.128,0.192,0.68,"Inspired by the West Virginia strike in which teachers demanded and got a pay raise from state leaders, a wave of e‚Ä¶ https://t.co/NiKcjUGle7"
267,@CNN,68,Mon Apr 02 18:40:10 +0000 2018,-0.2732,0.112,0.193,0.695,Pope Francis baptized a Nigerian migrant -- who shot to fame after confronting a thief on the streets of Rome -- as‚Ä¶ https://t.co/RBaHosr7jD
268,@CNN,69,Mon Apr 02 18:30:03 +0000 2018,0.0,0.0,0.0,1.0,"Winnie Mandela, the South African anti-apartheid activist and former wife of the late President Nelson Mandela, has‚Ä¶ https://t.co/Ij5SXPaYsJ"
269,@CNN,70,Mon Apr 02 18:20:01 +0000 2018,0.6808,0.219,0.0,0.781,This 17-year-old applied to 20 of the best universities in the US and was admitted to every single one with a full‚Ä¶ https://t.co/kp5FbvapRr
270,@CNN,71,Mon Apr 02 18:10:06 +0000 2018,0.7096,0.258,0.0,0.742,Special counsel Robert Mueller's office is defending an agreement it made with a Dutch lawyer tied to former Trump‚Ä¶ https://t.co/BW9R1sfmFC
271,@CNN,72,Mon Apr 02 18:00:11 +0000 2018,0.0,0.0,0.0,1.0,These teens are marching 50 miles to Memphis -- one mile for each year since Martin Luther King Jr. was killed‚Ä¶ https://t.co/sBWhnAmyYf
272,@CNN,73,Mon Apr 02 17:58:09 +0000 2018,0.2415,0.257,0.194,0.549,"RT @CNNnewsroom: Democratic Rep. John Delaney slams Trump's attacks on Amazon as ""very dangerous... It's clearly an attack on the free and‚Ä¶"
273,@CNN,74,Mon Apr 02 17:50:07 +0000 2018,-0.8555,0.0,0.385,0.615,"More than three dozen people suffered severe bleeding, and one died, related to synthetic cannabinoids, according t‚Ä¶ https://t.co/xAgbYDh6Dh"
274,@CNN,75,Mon Apr 02 17:40:07 +0000 2018,0.0,0.0,0.0,1.0,Here's why Oklahoma teachers walked out today | Analysis by @CillizzaCNN https://t.co/6ntqk05KnJ https://t.co/3eoBIjAPaQ
275,@CNN,76,Mon Apr 02 17:30:17 +0000 2018,0.4019,0.197,0.0,0.803,"Marijuana legalization could help offset the opioid epidemic, studies find https://t.co/qulyDRslrm https://t.co/h8IzanZE3D"
276,@CNN,77,Mon Apr 02 17:20:06 +0000 2018,0.4215,0.177,0.0,0.823,China hits the United States with tariffs on $3 billion of exports https://t.co/nNT3krXSkn https://t.co/ioqEwtkFiQ
277,@CNN,78,Mon Apr 02 17:11:08 +0000 2018,0.0,0.0,0.0,1.0,White House confirms President Trump and Russian President Vladimir Putin discussed the possibility of meeting at t‚Ä¶ https://t.co/EgQnltqxbh
278,@CNN,79,Mon Apr 02 17:02:09 +0000 2018,0.0,0.0,0.0,1.0,"A family's SUV found at the bottom of a California cliff last week may have been deliberately driven off the road,‚Ä¶ https://t.co/cCZRaFKWvj"
279,@CNN,80,Mon Apr 02 16:50:27 +0000 2018,-0.34,0.0,0.112,0.888,Democratic Rep. John Garamendi on President Trump's comments that Democrats are to blame for not having a deal on D‚Ä¶ https://t.co/ZCA2WWv3Sc
280,@CNN,81,Mon Apr 02 16:40:03 +0000 2018,-0.5267,0.075,0.224,0.702,President Trump's attacks on Amazon are working. The company's stock sank 5% Monday after the President accused it‚Ä¶ https://t.co/ExjxHHfLoF
281,@CNN,82,Mon Apr 02 16:33:36 +0000 2018,-0.5106,0.0,0.202,0.798,This ancient Chinese art was at risk of becoming obsolete. Here's how Dragon scale bookbinding is being resurrected‚Ä¶ https://t.co/2sq6WpMqbA
282,@CNN,83,Mon Apr 02 16:23:01 +0000 2018,-0.875,0.0,0.37,0.63,"President Trump says ""our country is being stolen"" due to an influx of illegal immigration, blaming Democrats for w‚Ä¶ https://t.co/6BEn0qGJaA"
283,@CNN,84,Mon Apr 02 16:11:06 +0000 2018,0.0,0.0,0.0,1.0,John Oliver compares Sinclair news anchors to ‚Äúmembers of a brainwashed cult‚Äù https://t.co/X8xGi5jwad https://t.co/aRhiapjGCh
284,@CNN,85,Mon Apr 02 16:02:03 +0000 2018,0.2732,0.16,0.08,0.76,"RT @CNNnewsroom: ""Instead of finding logical sources for funding, they just want to cut and take away... Our kids deserve better"" says a Ke‚Ä¶"
285,@CNN,86,Mon Apr 02 16:01:31 +0000 2018,0.1779,0.119,0.088,0.793,Rescuers in Southern California spotted and freed a 13-year-old boy who was stuck in a maze of drainage pipes for a‚Ä¶ https://t.co/BWqLvxe86t
286,@CNN,87,Mon Apr 02 15:59:09 +0000 2018,0.6369,0.318,0.0,0.682,The best travel photos of 2018 (so far) https://t.co/lhcuCYTYnn https://t.co/Qc11bBFpcg
287,@CNN,88,Mon Apr 02 15:55:48 +0000 2018,0.3818,0.148,0.0,0.852,RT @CNNMoney: McDonald's is tripling its tuition benefits because of the new tax law https://t.co/12QVVaIKVR https://t.co/7ljjVYO8qw
288,@CNN,89,Mon Apr 02 15:47:34 +0000 2018,0.4404,0.153,0.0,0.847,Apple is proposing 13 new emojis in an effort to better represent people with disabilities https://t.co/0LtHvSiV3b https://t.co/FlN4JhxTr5
289,@CNN,90,Mon Apr 02 15:37:15 +0000 2018,0.0,0.0,0.0,1.0,"RT @CNNnewsroom: ""We would much rather be in our classrooms teaching today. I would much rather be with my students but... I need to be her‚Ä¶"
290,@CNN,91,Mon Apr 02 15:35:34 +0000 2018,0.0,0.127,0.171,0.702,"Teachers in Oklahoma are walking out of school in protest, demanding better salaries and funding from lawmakers.

W‚Ä¶ https://t.co/NAhcoZjFw8"
291,@CNN,92,Mon Apr 02 15:30:12 +0000 2018,-0.9217,0.0,0.437,0.563,A gun attack by the terror group Boko Haram in northeastern Nigeria on Sunday night left 18 people dead and wounded‚Ä¶ https://t.co/Ty0jaG4CiN
292,@CNN,93,Mon Apr 02 15:23:36 +0000 2018,0.5267,0.195,0.0,0.805,Who stands to gain if President Trump pulls the US out of Syria? https://t.co/9eoSqIuDZ3 https://t.co/1DCTPj1pT9
293,@CNN,94,Mon Apr 02 15:11:08 +0000 2018,-0.0478,0.149,0.159,0.693,President Trump's latest dog whistle on immigration is more like a scream | Analysis by @CillizzaCNN‚Ä¶ https://t.co/KG4262xGSB
294,@CNN,95,Mon Apr 02 15:03:56 +0000 2018,0.0,0.0,0.0,1.0,Teachers in Kentucky are walking off the job today and holding rallies at the state Capitol over pension changes‚Ä¶ https://t.co/t4812bM1cU
295,@CNN,96,Mon Apr 02 14:55:17 +0000 2018,0.0,0.0,0.0,1.0,JUST IN: White House confirms President Trump and Russian President Vladimir Putin discussed the possibility of mee‚Ä¶ https://t.co/B3bJx9FNol
296,@CNN,97,Mon Apr 02 14:50:07 +0000 2018,0.34,0.138,0.0,0.862,She was too short to play Goofy. Then she invented Spanx. Now she's a billionaire. https://t.co/8UBc6YV2IU https://t.co/Bh70SauZNt
297,@CNN,98,Mon Apr 02 14:43:10 +0000 2018,0.0,0.0,0.0,1.0,President Trump and first lady Melania Trump are hosting the 140th annual White House Easter Egg Roll‚Ä¶ https://t.co/5T3U6IUatM
298,@CNN,99,Mon Apr 02 14:40:07 +0000 2018,-0.6705,0.053,0.271,0.676,Shulkin says he was fired. The White House said he resigned. Here's why it matters. https://t.co/GQctLkajaB https://t.co/3bOKk1Yc5t
299,@CNN,100,Mon Apr 02 14:34:00 +0000 2018,-0.4767,0.0,0.162,0.838,"Oklahoma teachers are rallying and walking out of classes, expressing frustration over funding and salaries.

Follo‚Ä¶ https://t.co/thLk0QCQQ1"
300,@FoxNews,1,Mon Apr 02 23:52:25 +0000 2018,-0.7906,0.0,0.438,0.562,"Hiker, 25, plunges to his death from dangerous Hawaii trail https://t.co/jnOC9xvQwO"
301,@FoxNews,2,Mon Apr 02 23:41:20 +0000 2018,0.3612,0.2,0.0,0.8,"The Marines ease tattoo rules, the strictest in the military https://t.co/9DctYdv5ZY"
302,@FoxNews,3,Mon Apr 02 23:31:01 +0000 2018,-0.8442,0.0,0.299,0.701,"Mary Ann Mendoza, whose son was killed by an illegal immigrant: ‚ÄúOur politicians don‚Äôt have to negotiate or offer a‚Ä¶ https://t.co/wnOY9R5s35"
303,@FoxNews,4,Mon Apr 02 23:17:29 +0000 2018,0.4404,0.302,0.0,0.698,Stoneman Douglas students return to class mandatory carrying clear backpacks https://t.co/arcZRqMaEb
304,@FoxNews,5,Mon Apr 02 23:07:57 +0000 2018,0.5574,0.247,0.0,0.753,Kathy Griffin wants audiences to laugh off her infamous Trump photo https://t.co/8tKPI1wDsz
305,@FoxNews,6,Mon Apr 02 22:54:58 +0000 2018,0.5719,0.439,0.0,0.561,.@RobGronkowski fulfills heart transplant patient's 'one wish' https://t.co/QqA7uVAXEy
306,@FoxNews,7,Mon Apr 02 22:48:42 +0000 2018,0.0,0.0,0.0,1.0,"Amb. Geronimo Gutierrez: ""[NAFTA] needs updating and modernizing and that's why we're focusing, with the U.S. and o‚Ä¶ https://t.co/jQqfHqzF1L"
307,@FoxNews,8,Mon Apr 02 22:38:38 +0000 2018,0.3034,0.183,0.0,0.817,EXCLUSIVE: @usairforce veteran sues after being pulled from ceremony mid-speech https://t.co/qU6Q1abWJ9
308,@FoxNews,9,Mon Apr 02 22:35:50 +0000 2018,0.7964,0.288,0.0,0.712,"""It is in our own interest to have a secure border in our southern border and we're also in favor of having a secur‚Ä¶ https://t.co/thC7Hy2H8W"
309,@FoxNews,10,Mon Apr 02 22:27:20 +0000 2018,0.6597,0.231,0.0,0.769,"""We certainly understand the concern not only that President #Trump has, but people in the United States here have,‚Ä¶ https://t.co/SPRGz2QPT8"
310,@FoxNews,11,Mon Apr 02 22:16:49 +0000 2018,0.7506,0.303,0.0,0.697,"""Mexico's migration policy is to seek that any migration is legal, safe, orderly, and respectful of basic human rig‚Ä¶ https://t.co/sClLUdlb2R"
311,@FoxNews,12,Mon Apr 02 22:07:44 +0000 2018,0.0,0.0,0.0,1.0,.@Schwarzenegger made his first public statement after undergoing heart surgery on Thursday.‚Ä¶ https://t.co/odToWzLrBl
312,@FoxNews,13,Mon Apr 02 22:00:19 +0000 2018,0.0,0.0,0.0,1.0,"#Trump suggested @WhiteHouse as potential venue for possible Putin meeting, White House says https://t.co/YYwbgwx7Ue"
313,@FoxNews,14,Mon Apr 02 21:56:50 +0000 2018,-0.8271,0.0,0.412,0.588,Mother of 3 whose cancer was dismissed as 'breastfeeding pain' dies from disease https://t.co/glPWq6G4ie
314,@FoxNews,15,Mon Apr 02 21:47:00 +0000 2018,-0.2263,0.0,0.266,0.734,"Oklahoma, Kentucky teachers strike for higher pay, education funding https://t.co/EVREGrqOLm"
315,@FoxNews,16,Mon Apr 02 21:40:38 +0000 2018,0.4491,0.172,0.0,0.828,".@JesseBWatters: ‚ÄúI support both walkouts‚Ä¶It was very easy to walk out a couple weeks ago, but to walk out on a pro‚Ä¶ https://t.co/CNfn97b9o4"
316,@FoxNews,17,Mon Apr 02 21:31:52 +0000 2018,0.0,0.0,0.0,1.0,Radio host Howie Carr explores some of the unanswered questions of the Chappaquiddick incident and Ted Kennedy's co‚Ä¶ https://t.co/omk9MKe1zm
317,@FoxNews,18,Mon Apr 02 21:15:51 +0000 2018,-0.8807,0.0,0.351,0.649,".@kimguilfoyle: ‚Äú@POTUS didn‚Äôt kill DACA‚Ä¶I think the Democrats killed it, and people who were too entrenched in the‚Ä¶ https://t.co/h8ZaWitS9w"
318,@FoxNews,19,Mon Apr 02 21:12:30 +0000 2018,-0.5423,0.0,0.171,0.829,"JUST IN: Rep. Elizabeth Esty, D-Conn., won't seek re-election amid backlash over her handling of harassment case https://t.co/ZkWdMhgFTz"
319,@FoxNews,20,Mon Apr 02 21:10:23 +0000 2018,0.5719,0.19,0.0,0.81,"""We're making improvements. We're going to try to get that [border] wall laid down and add to the border security s‚Ä¶ https://t.co/U703jtRZEX"
320,@FoxNews,21,Mon Apr 02 23:52:25 +0000 2018,-0.7906,0.0,0.438,0.562,"Hiker, 25, plunges to his death from dangerous Hawaii trail https://t.co/jnOC9xvQwO"
321,@FoxNews,22,Mon Apr 02 23:41:20 +0000 2018,0.3612,0.2,0.0,0.8,"The Marines ease tattoo rules, the strictest in the military https://t.co/9DctYdv5ZY"
322,@FoxNews,23,Mon Apr 02 23:31:01 +0000 2018,-0.8442,0.0,0.299,0.701,"Mary Ann Mendoza, whose son was killed by an illegal immigrant: ‚ÄúOur politicians don‚Äôt have to negotiate or offer a‚Ä¶ https://t.co/wnOY9R5s35"
323,@FoxNews,24,Mon Apr 02 23:17:29 +0000 2018,0.4404,0.302,0.0,0.698,Stoneman Douglas students return to class mandatory carrying clear backpacks https://t.co/arcZRqMaEb
324,@FoxNews,25,Mon Apr 02 23:07:57 +0000 2018,0.5574,0.247,0.0,0.753,Kathy Griffin wants audiences to laugh off her infamous Trump photo https://t.co/8tKPI1wDsz
325,@FoxNews,26,Mon Apr 02 22:54:58 +0000 2018,0.5719,0.439,0.0,0.561,.@RobGronkowski fulfills heart transplant patient's 'one wish' https://t.co/QqA7uVAXEy
326,@FoxNews,27,Mon Apr 02 22:48:42 +0000 2018,0.0,0.0,0.0,1.0,"Amb. Geronimo Gutierrez: ""[NAFTA] needs updating and modernizing and that's why we're focusing, with the U.S. and o‚Ä¶ https://t.co/jQqfHqzF1L"
327,@FoxNews,28,Mon Apr 02 22:38:38 +0000 2018,0.3034,0.183,0.0,0.817,EXCLUSIVE: @usairforce veteran sues after being pulled from ceremony mid-speech https://t.co/qU6Q1abWJ9
328,@FoxNews,29,Mon Apr 02 22:35:50 +0000 2018,0.7964,0.288,0.0,0.712,"""It is in our own interest to have a secure border in our southern border and we're also in favor of having a secur‚Ä¶ https://t.co/thC7Hy2H8W"
329,@FoxNews,30,Mon Apr 02 22:27:20 +0000 2018,0.6597,0.231,0.0,0.769,"""We certainly understand the concern not only that President #Trump has, but people in the United States here have,‚Ä¶ https://t.co/SPRGz2QPT8"
330,@FoxNews,31,Mon Apr 02 22:16:49 +0000 2018,0.7506,0.303,0.0,0.697,"""Mexico's migration policy is to seek that any migration is legal, safe, orderly, and respectful of basic human rig‚Ä¶ https://t.co/sClLUdlb2R"
331,@FoxNews,32,Mon Apr 02 22:07:44 +0000 2018,0.0,0.0,0.0,1.0,.@Schwarzenegger made his first public statement after undergoing heart surgery on Thursday.‚Ä¶ https://t.co/odToWzLrBl
332,@FoxNews,33,Mon Apr 02 22:00:19 +0000 2018,0.0,0.0,0.0,1.0,"#Trump suggested @WhiteHouse as potential venue for possible Putin meeting, White House says https://t.co/YYwbgwx7Ue"
333,@FoxNews,34,Mon Apr 02 21:56:50 +0000 2018,-0.8271,0.0,0.412,0.588,Mother of 3 whose cancer was dismissed as 'breastfeeding pain' dies from disease https://t.co/glPWq6G4ie
334,@FoxNews,35,Mon Apr 02 21:47:00 +0000 2018,-0.2263,0.0,0.266,0.734,"Oklahoma, Kentucky teachers strike for higher pay, education funding https://t.co/EVREGrqOLm"
335,@FoxNews,36,Mon Apr 02 21:40:38 +0000 2018,0.4491,0.172,0.0,0.828,".@JesseBWatters: ‚ÄúI support both walkouts‚Ä¶It was very easy to walk out a couple weeks ago, but to walk out on a pro‚Ä¶ https://t.co/CNfn97b9o4"
336,@FoxNews,37,Mon Apr 02 21:31:52 +0000 2018,0.0,0.0,0.0,1.0,Radio host Howie Carr explores some of the unanswered questions of the Chappaquiddick incident and Ted Kennedy's co‚Ä¶ https://t.co/omk9MKe1zm
337,@FoxNews,38,Mon Apr 02 21:15:51 +0000 2018,-0.8807,0.0,0.351,0.649,".@kimguilfoyle: ‚Äú@POTUS didn‚Äôt kill DACA‚Ä¶I think the Democrats killed it, and people who were too entrenched in the‚Ä¶ https://t.co/h8ZaWitS9w"
338,@FoxNews,39,Mon Apr 02 21:12:30 +0000 2018,-0.5423,0.0,0.171,0.829,"JUST IN: Rep. Elizabeth Esty, D-Conn., won't seek re-election amid backlash over her handling of harassment case https://t.co/ZkWdMhgFTz"
339,@FoxNews,40,Mon Apr 02 21:10:23 +0000 2018,0.5719,0.19,0.0,0.81,"""We're making improvements. We're going to try to get that [border] wall laid down and add to the border security s‚Ä¶ https://t.co/U703jtRZEX"
340,@FoxNews,41,Mon Apr 02 20:59:18 +0000 2018,0.3612,0.185,0.0,0.815,"EPA's Pruitt plans to ease Obama-era automobile emissions standards - via @brookefoxnews 
https://t.co/z5vUHMlF71"
341,@FoxNews,42,Mon Apr 02 20:58:11 +0000 2018,-0.5267,0.0,0.236,0.764,'Flame of Hate': @VicenteFoxQue Unleashes Tweetstorm at #Trump Over Immigration-NAFTA Threat https://t.co/YS0rWMjmKi
342,@FoxNews,43,Mon Apr 02 20:54:34 +0000 2018,0.8481,0.326,0.0,0.674,".@dianne_jacob: ""I am proud to be an American and I'm proud to welcome immigrants into this country who come to Ame‚Ä¶ https://t.co/J0VpLaRzS3"
343,@FoxNews,44,Mon Apr 02 20:47:58 +0000 2018,0.0,0.0,0.0,1.0,BREAKING: #Trump administration sues California over federal land sales https://t.co/qIsZuWiPwZ
344,@FoxNews,45,Mon Apr 02 20:47:09 +0000 2018,0.3818,0.126,0.0,0.874,".@dianne_jacob: ""Let's be clear: This is about people that are coming into our country illegally and they're breaki‚Ä¶ https://t.co/sI7Xfd3LBf"
345,@FoxNews,46,Mon Apr 02 20:44:00 +0000 2018,-0.8176,0.0,0.385,0.615,"MS-13 gang member pleads guilty to 'catfishing' murder of boy, 15, in Massachusetts https://t.co/YSdwlIH2sQ"
346,@FoxNews,47,Mon Apr 02 20:38:02 +0000 2018,0.0258,0.181,0.174,0.645,Injured hunter rescued after guiding helicopter to location in dense forest https://t.co/yUOgOZGjtJ
347,@FoxNews,48,Mon Apr 02 20:31:34 +0000 2018,0.0,0.0,0.0,1.0,"RT @FoxBusiness: Watch LIVE: As @SpaceX launches the Falcon 9 rocket from Kennedy Space Center in Cape Canaveral, Florida. [Courtesy: NASA‚Ä¶"
348,@FoxNews,49,Mon Apr 02 20:25:11 +0000 2018,-0.3818,0.0,0.091,0.909,RT @FoxBusiness: AT THE CLOSE: 28 of the Dow 30 stocks ended in the red. The S&amp;P 500 closed at its lowest level since mid-November. The Nas‚Ä¶
349,@FoxNews,50,Mon Apr 02 20:06:00 +0000 2018,-0.7783,0.0,0.438,0.562,Bomb scare at Illinois airport caused by laptop with connected hard drive https://t.co/sNE9bKq1I8
350,@FoxNews,51,Mon Apr 02 20:00:16 +0000 2018,0.0,0.0,0.0,1.0,"SPRING BLOOM: Cherry blossoms in Washington, D.C., have started blooming along the city's tidal basin. https://t.co/ydxIG82hHv"
351,@FoxNews,52,Mon Apr 02 19:56:06 +0000 2018,-0.296,0.0,0.104,0.896,".@PressSec on @POTUS, DACA: ‚ÄúHe wanted to see something get done and Democrats refused to actually put something on‚Ä¶ https://t.co/GxAuJZ5847"
352,@FoxNews,53,Mon Apr 02 19:46:11 +0000 2018,0.0,0.0,0.0,1.0,"Venus' clouds could host extraterrestrial life, researchers say https://t.co/KH66YZWZGJ"
353,@FoxNews,54,Mon Apr 02 19:35:00 +0000 2018,0.0,0.0,0.0,1.0,"Airport pays $7,500 for dog to chase away birds on runway https://t.co/qYdUMF1k6h"
354,@FoxNews,55,Mon Apr 02 19:29:08 +0000 2018,0.5574,0.265,0.0,0.735,Supreme Court sides with officer in Arizona police shooting case https://t.co/rNymai2YgY
355,@FoxNews,56,Mon Apr 02 19:22:38 +0000 2018,0.1027,0.149,0.0,0.851,Police legally seizing guns under 'red flag' laws https://t.co/dz3yqfXOMw
356,@FoxNews,57,Mon Apr 02 19:11:22 +0000 2018,-0.5859,0.126,0.244,0.63,Fired FBI Deputy Director Andrew McCabe to stop taking online donations for legal defense fund after collecting mor‚Ä¶ https://t.co/Igxe9dA7I7
357,@FoxNews,58,Mon Apr 02 19:09:55 +0000 2018,0.0,0.0,0.0,1.0,"Spike, a service dog-in-training, makes his debut at Fox News HQ. Check out his first appearance on the set of‚Ä¶ https://t.co/K3OEyKudcM"
358,@FoxNews,59,Mon Apr 02 18:56:44 +0000 2018,0.0,0.0,0.0,1.0,SpaceX set to launch resupply mission to the International Space Station (@FoxNewsTech) https://t.co/lChrLXTLkA
359,@FoxNews,60,Mon Apr 02 18:47:00 +0000 2018,-0.4576,0.0,0.176,0.824,".@LeonHWolf: ""@TheDemocrats are running almost entirely on being anti-Trump. I think they're really hurting themsel‚Ä¶ https://t.co/b2sQUjM9gp"
360,@FoxNews,61,Mon Apr 02 18:41:41 +0000 2018,-0.8176,0.0,0.385,0.615,"MS-13 gang member pleads guilty to 'catfishing' murder of boy, 15, in Massachusetts https://t.co/2U5aGOjYnE"
361,@FoxNews,62,Mon Apr 02 18:35:04 +0000 2018,-0.6908,0.0,0.305,0.695,.@katyperry shows off her Jesus tattoo on Easter as battle with nun rages on https://t.co/oKbpBXii98
362,@FoxNews,63,Mon Apr 02 18:17:28 +0000 2018,0.4215,0.196,0.089,0.714,OPINION: Repeal the Second Amendment? At least it's an honest demand (via @FoxNewsOpinion) https://t.co/6eGNxNPwDQ
363,@FoxNews,64,Mon Apr 02 18:16:07 +0000 2018,0.0,0.0,0.0,1.0,RT @dailybriefing: You watching? We have an extra-special guest coming up on our show today... #TheDailySpike @FoxNews https://t.co/NR9YtGJ‚Ä¶
364,@FoxNews,65,Mon Apr 02 18:15:11 +0000 2018,0.0,0.0,0.0,1.0,"Meghan Markle ended first marriage to Trevor Engelson 'out of the blue,' new book claims https://t.co/W4AO9VDaRJ"
365,@FoxNews,66,Mon Apr 02 18:12:21 +0000 2018,-0.6662,0.0,0.182,0.818,RT @EricShawnTV: At the Israel-Gaza border: Protestors or terrorists? Or are there both? Listen to my #Podcast on the #FoxNewsRundown @FoxN‚Ä¶
366,@FoxNews,67,Mon Apr 02 18:11:12 +0000 2018,0.1779,0.124,0.0,0.876,Trump rips Amazon for forcing closure of stores 'all over the country' https://t.co/LE4RZdZR7K
367,@FoxNews,68,Mon Apr 02 18:09:07 +0000 2018,-0.7717,0.0,0.233,0.767,RT @FoxBusiness: #StockAlert: The Dow Jones Industrial Average is down more than 600 points as fears of a trade war between the U.S. and Ch‚Ä¶
368,@FoxNews,69,Mon Apr 02 18:03:57 +0000 2018,-0.0516,0.0,0.057,0.943,RT @dailybriefing: Spike showing off his new trick as we wait for the 2pm to begin #DailyBriefing #TheDailySpike @DanaPerino @FoxNews https‚Ä¶
369,@FoxNews,70,Mon Apr 02 18:03:16 +0000 2018,0.0,0.0,0.0,1.0,Kremlin says President Trump invited Putin to White House https://t.co/lCCFbu9fFP
370,@FoxNews,71,Mon Apr 02 18:02:35 +0000 2018,-0.3818,0.0,0.157,0.843,Pregnant woman upset with Disney Cruise Line after family escorted out by armed officer https://t.co/ZV7dsJKMWs
371,@FoxNews,72,Mon Apr 02 17:37:14 +0000 2018,-0.5106,0.0,0.216,0.784,Teens snort condoms then pull them through mouths in disturbing new trend https://t.co/3dzU0Wjq8v
372,@FoxNews,73,Mon Apr 02 17:24:03 +0000 2018,0.0,0.0,0.0,1.0,"A Florida man thought there was an ‚Äúintruder‚Äù in his backyard pool, but found out the ‚Äúsuspect‚Äù he was looking for‚Ä¶ https://t.co/dtSYg69fpR"
373,@FoxNews,74,Mon Apr 02 17:22:24 +0000 2018,-0.6597,0.0,0.306,0.694,Jim Kelly takes first steps since grueling 12-hour cancer surgery https://t.co/xG1mBwtzTA
374,@FoxNews,75,Mon Apr 02 17:04:53 +0000 2018,0.0,0.0,0.0,1.0,"A motorist captured the moment a band of wild horses ran across a road in Maricopa, Arizona. https://t.co/gTlpZeFaio"
375,@FoxNews,76,Mon Apr 02 17:01:56 +0000 2018,0.0,0.0,0.0,1.0,"First Lady Melania Trump finishes reading a book called ""You!"" to a group of children during the annual White House‚Ä¶ https://t.co/o3fhkMUsCL"
376,@FoxNews,77,Mon Apr 02 16:44:24 +0000 2018,-0.8689,0.0,0.43,0.57,Breaking News: 'Affluenza teen' Ethan Couch released from jail years after drunk driving wreck killed 4 https://t.co/FcL0rkkfhZ
377,@FoxNews,78,Mon Apr 02 16:28:09 +0000 2018,-0.8074,0.0,0.422,0.578,.@alicecooper opens up about mock execution stunt that nearly killed him https://t.co/ZGaL1uasUg
378,@FoxNews,79,Mon Apr 02 16:17:21 +0000 2018,-0.3818,0.126,0.214,0.659,Huge World War II shipwreck raised from the depths in massive salvage operation https://t.co/1KUMk3YfAE
379,@FoxNews,80,Mon Apr 02 16:15:32 +0000 2018,-0.2023,0.0,0.101,0.899,Snow covers the field at Yankee Stadium. The @Yankees‚Äôs home opener was postponed due to weather. https://t.co/fyVpU7Xzao
380,@FoxNews,81,Mon Apr 02 16:07:37 +0000 2018,0.0,0.0,0.0,1.0,"Trump blasts 'Justice' Department and FBI for 'slow walking' document production to Congress - via @brookefoxnews 
https://t.co/Bds86O5kzu"
381,@FoxNews,82,Mon Apr 02 16:02:27 +0000 2018,-0.3818,0.0,0.157,0.843,Pregnant woman upset with Disney Cruise Line after family escorted out by armed officer https://t.co/3xuR4VG2i9
382,@FoxNews,83,Mon Apr 02 16:00:45 +0000 2018,0.0,0.0,0.0,1.0,DOW Down Triple Digits https://t.co/TXU9jNglhD
383,@FoxNews,84,Mon Apr 02 15:43:25 +0000 2018,0.0,0.0,0.0,1.0,".@Richardafowler: ‚ÄúWhen it comes to this dreamer thing, Democrats have been willing to negotiate with the president‚Ä¶ https://t.co/Iat1rSohC4"
384,@FoxNews,85,Mon Apr 02 15:37:21 +0000 2018,-0.1027,0.0,0.104,0.896,"Facebook and Google are 'too big,' could be dismantled, French president warns https://t.co/hjIyiHAgTA"
385,@FoxNews,86,Mon Apr 02 15:27:47 +0000 2018,0.0,0.0,0.0,1.0,"Trump suggested White House as potential venue for possible Putin meeting, White House says - via @brookefoxnews 
https://t.co/USN9yJdHbL"
386,@FoxNews,87,Mon Apr 02 15:18:39 +0000 2018,0.0,0.0,0.0,1.0,President @realDonaldTrump raises the arm of the Easter Bunny as they appear together on the South Portico of the W‚Ä¶ https://t.co/2YbnDjMmhb
387,@FoxNews,88,Mon Apr 02 15:15:31 +0000 2018,0.0,0.0,0.0,1.0,DOW Down 300+ Points https://t.co/cXasM43dat
388,@FoxNews,89,Mon Apr 02 15:05:20 +0000 2018,-0.4588,0.0,0.158,0.842,"After Confederate statue controversy, cities move to tear down monuments seen as offensive to Native Americans https://t.co/GPQsIz90DB"
389,@FoxNews,90,Mon Apr 02 14:57:35 +0000 2018,0.0,0.0,0.0,1.0,WATCH: @POTUS delivers remarks at the annual @WhiteHouse Easter Egg Roll https://t.co/ozscw0xerv
390,@FoxNews,91,Mon Apr 02 14:53:08 +0000 2018,0.0,0.0,0.0,1.0,".@HuntsmanAbby Catches Up With New Mom and Dad, @EricTrump &amp; @LaraLeaTrump, at @WhiteHouse Easter Egg Roll https://t.co/2TEl6yGgeY"
391,@FoxNews,92,Mon Apr 02 14:50:54 +0000 2018,0.0,0.0,0.0,1.0,.@POTUS: ‚ÄúThe funding of our military was so important.‚Äù https://t.co/KYcWvRU1c2
392,@FoxNews,93,Mon Apr 02 14:46:54 +0000 2018,0.3612,0.102,0.0,0.898,.@POTUS: ‚ÄúOur country is doing great‚Ä¶We have never had an economy like we have right now and we're going to make it‚Ä¶ https://t.co/CPTam53C1g
393,@FoxNews,94,Mon Apr 02 14:33:48 +0000 2018,0.0,0.0,0.0,1.0,.@WhiteHouse holds annual Easter Egg Roll https://t.co/39Br1zxB8s
394,@FoxNews,95,Mon Apr 02 14:29:17 +0000 2018,-0.6486,0.0,0.193,0.807,"JUST IN: Winnie Mandela, South African anti-apartheid campaigner and former wife of Nelson Mandela, dead at 81, Fox‚Ä¶ https://t.co/TTLPNzaVHw"
395,@FoxNews,96,Mon Apr 02 14:28:57 +0000 2018,0.0,0.0,0.0,1.0,President @realDonaldTrump &amp; @FLOTUS host the @WhiteHouse Easter Egg Roll https://t.co/C46yH73W5D https://t.co/m9CpMXFomY
396,@FoxNews,97,Mon Apr 02 14:12:17 +0000 2018,0.0,0.0,0.0,1.0,.@POTUS calls on Republicans to use 'nuclear option' for border legislation https://t.co/paIfFrYjzo
397,@FoxNews,98,Mon Apr 02 14:01:45 +0000 2018,0.0,0.0,0.0,1.0,.@KatiePavlich: ‚ÄúThe president is right about wanting to bolster border security.‚Äù https://t.co/Wjb44hTqzs
398,@FoxNews,99,Mon Apr 02 13:56:18 +0000 2018,0.25,0.171,0.105,0.724,"Boy, 13, found alive after falling into Los Angeles drainage ditch 'maze' https://t.co/wxYcuayHY7"
399,@FoxNews,100,Mon Apr 02 13:25:09 +0000 2018,-0.3818,0.0,0.206,0.794,"'Affluenza' teen's release 'grave injustice,' MADD president says (via @RyanGaydos) https://t.co/FcL0rkkfhZ"
400,@NYTimes,1,Mon Apr 02 23:47:05 +0000 2018,-0.4019,0.0,0.119,0.881,RT @nytimesworld: Two self-described sex instructors from Belarus have been detained in Thailand. They say they have evidence of Russian in‚Ä¶
401,@NYTimes,2,Mon Apr 02 23:32:01 +0000 2018,0.4215,0.157,0.0,0.843,EPA chief Scott Pruitt had a $50-a-day condo linked to lobbyists. Their client‚Äôs project got approved. https://t.co/SuZnUhOizI
402,@NYTimes,3,Mon Apr 02 23:17:04 +0000 2018,0.0,0.0,0.0,1.0,RT @alanblinder: I visited Memphis last month to talk with students about the Rev. Dr. Martin Luther King Jr. Here's what they said. https:‚Ä¶
403,@NYTimes,4,Mon Apr 02 23:02:05 +0000 2018,0.0,0.0,0.0,1.0,Evening Briefing: Here's what you need to know at the end of the day https://t.co/9LkECFxe12
404,@NYTimes,5,Mon Apr 02 22:47:06 +0000 2018,-0.1027,0.078,0.096,0.826,"President Trump is nominating an economic moderate to the No. 2 job at the Treasury, even as Trump takes a more haw‚Ä¶ https://t.co/5yrG5Lvz48"
405,@NYTimes,6,Mon Apr 02 22:32:06 +0000 2018,-0.5574,0.0,0.175,0.825,"More than 200 dolphins that died in Brazil were ‚Äúenvironmental sentinels,‚Äù a biologist says. ‚ÄúWhen something is wro‚Ä¶ https://t.co/WEZ116kzP2"
406,@NYTimes,7,Mon Apr 02 22:17:04 +0000 2018,0.0,0.0,0.0,1.0,"Katrina Ruff, a local teacher in Oklahoma City, carried a sign that read, ‚ÄúThanks to West Virginia.‚Äù 

‚ÄúThey gave u‚Ä¶ https://t.co/NOljYUOQp7"
407,@NYTimes,8,Mon Apr 02 22:02:06 +0000 2018,0.7096,0.312,0.0,0.688,"The best TV shows and movies new to Netflix, Amazon and more in April
https://t.co/2MU49mvV3Q"
408,@NYTimes,9,Mon Apr 02 21:48:30 +0000 2018,0.3254,0.143,0.0,0.857,"RT @arappeport: SCOOP: Treasury‚Äôs Tax Law Architect, Justin Muzinich, Is Tapped as Deputy Secretary https://t.co/lfpEPD91aq"
409,@NYTimes,10,Mon Apr 02 21:40:05 +0000 2018,0.0,0.0,0.0,1.0,"RT @NYTSports: In junior high, Enrique and Giancarlo made a pact: they would go by ""Mike"" and ""Ricky."" It took many years and a trip to Eur‚Ä¶"
410,@NYTimes,11,Mon Apr 02 21:25:09 +0000 2018,-0.34,0.0,0.098,0.902,"One dairy farmer shot all 51 of his milking cows and then turned the gun on himself. 

The dairy industry across th‚Ä¶ https://t.co/6dU3JlUwEb"
411,@NYTimes,12,Mon Apr 02 21:14:23 +0000 2018,0.5267,0.196,0.0,0.804,Are you a current or former cheerleader for a team in the major sports leagues? We'd like to hear from you. https://t.co/c1SPyzMkFc
412,@NYTimes,13,Mon Apr 02 21:11:24 +0000 2018,0.3182,0.215,0.112,0.673,"Unlike unionized NFL players, cheerleaders are part-time workers with few benefits. Those who complain are told tha‚Ä¶ https://t.co/0QuQ2uIGF4"
413,@NYTimes,14,Mon Apr 02 21:08:28 +0000 2018,-0.4019,0.088,0.167,0.744,The New Orleans Saints fired a cheerleader for posting a picture the team deemed inappropriate on her private Insta‚Ä¶ https://t.co/lGQNGBDeZy
414,@NYTimes,15,Mon Apr 02 21:06:37 +0000 2018,0.296,0.109,0.0,0.891,"Across the NFL, teams even try to place extensive controls on how cheerleaders conduct their lives outside work https://t.co/c1SPyzMkFc"
415,@NYTimes,16,Mon Apr 02 21:04:45 +0000 2018,0.25,0.12,0.065,0.815,"- Cheerleaders for the Carolina Panthers must leave the stadium to change into their personal attire. 

- Baltimore‚Ä¶ https://t.co/0Lk7U2BhHa"
416,@NYTimes,17,Mon Apr 02 21:01:18 +0000 2018,0.296,0.15,0.097,0.752,"No sweatpants in public, ""ideal body weight"" requirements and personal hygiene tips: A look inside the rule books f‚Ä¶ https://t.co/OGkR8hOfpv"
417,@NYTimes,18,Mon Apr 02 20:55:06 +0000 2018,-0.6486,0.0,0.194,0.806,"""It was impossible not to think that if I were black, I‚Äôd be too scared to carry a gun. It was impossible not to re‚Ä¶ https://t.co/s7DVYZQtGS"
418,@NYTimes,19,Mon Apr 02 20:40:04 +0000 2018,0.0,0.0,0.0,1.0,"üéµTonight,
tonight,
we're watching these tonight üéµ
https://t.co/dq7rvDhB2Z"
419,@NYTimes,20,Mon Apr 02 20:24:04 +0000 2018,0.0,0.0,0.0,1.0,Breaking News: U.S. stock indexes fell sharply in a broad sell-off driven by continuing scrutiny of technology firm‚Ä¶ https://t.co/8wHQiG4YnP
420,@NYTimes,21,Mon Apr 02 23:47:05 +0000 2018,-0.4019,0.0,0.119,0.881,RT @nytimesworld: Two self-described sex instructors from Belarus have been detained in Thailand. They say they have evidence of Russian in‚Ä¶
421,@NYTimes,22,Mon Apr 02 23:32:01 +0000 2018,0.4215,0.157,0.0,0.843,EPA chief Scott Pruitt had a $50-a-day condo linked to lobbyists. Their client‚Äôs project got approved. https://t.co/SuZnUhOizI
422,@NYTimes,23,Mon Apr 02 23:17:04 +0000 2018,0.0,0.0,0.0,1.0,RT @alanblinder: I visited Memphis last month to talk with students about the Rev. Dr. Martin Luther King Jr. Here's what they said. https:‚Ä¶
423,@NYTimes,24,Mon Apr 02 23:02:05 +0000 2018,0.0,0.0,0.0,1.0,Evening Briefing: Here's what you need to know at the end of the day https://t.co/9LkECFxe12
424,@NYTimes,25,Mon Apr 02 22:47:06 +0000 2018,-0.1027,0.078,0.096,0.826,"President Trump is nominating an economic moderate to the No. 2 job at the Treasury, even as Trump takes a more haw‚Ä¶ https://t.co/5yrG5Lvz48"
425,@NYTimes,26,Mon Apr 02 22:32:06 +0000 2018,-0.5574,0.0,0.175,0.825,"More than 200 dolphins that died in Brazil were ‚Äúenvironmental sentinels,‚Äù a biologist says. ‚ÄúWhen something is wro‚Ä¶ https://t.co/WEZ116kzP2"
426,@NYTimes,27,Mon Apr 02 22:17:04 +0000 2018,0.0,0.0,0.0,1.0,"Katrina Ruff, a local teacher in Oklahoma City, carried a sign that read, ‚ÄúThanks to West Virginia.‚Äù 

‚ÄúThey gave u‚Ä¶ https://t.co/NOljYUOQp7"
427,@NYTimes,28,Mon Apr 02 22:02:06 +0000 2018,0.7096,0.312,0.0,0.688,"The best TV shows and movies new to Netflix, Amazon and more in April
https://t.co/2MU49mvV3Q"
428,@NYTimes,29,Mon Apr 02 21:48:30 +0000 2018,0.3254,0.143,0.0,0.857,"RT @arappeport: SCOOP: Treasury‚Äôs Tax Law Architect, Justin Muzinich, Is Tapped as Deputy Secretary https://t.co/lfpEPD91aq"
429,@NYTimes,30,Mon Apr 02 21:40:05 +0000 2018,0.0,0.0,0.0,1.0,"RT @NYTSports: In junior high, Enrique and Giancarlo made a pact: they would go by ""Mike"" and ""Ricky."" It took many years and a trip to Eur‚Ä¶"
430,@NYTimes,31,Mon Apr 02 21:25:09 +0000 2018,-0.34,0.0,0.098,0.902,"One dairy farmer shot all 51 of his milking cows and then turned the gun on himself. 

The dairy industry across th‚Ä¶ https://t.co/6dU3JlUwEb"
431,@NYTimes,32,Mon Apr 02 21:14:23 +0000 2018,0.5267,0.196,0.0,0.804,Are you a current or former cheerleader for a team in the major sports leagues? We'd like to hear from you. https://t.co/c1SPyzMkFc
432,@NYTimes,33,Mon Apr 02 21:11:24 +0000 2018,0.3182,0.215,0.112,0.673,"Unlike unionized NFL players, cheerleaders are part-time workers with few benefits. Those who complain are told tha‚Ä¶ https://t.co/0QuQ2uIGF4"
433,@NYTimes,34,Mon Apr 02 21:08:28 +0000 2018,-0.4019,0.088,0.167,0.744,The New Orleans Saints fired a cheerleader for posting a picture the team deemed inappropriate on her private Insta‚Ä¶ https://t.co/lGQNGBDeZy
434,@NYTimes,35,Mon Apr 02 21:06:37 +0000 2018,0.296,0.109,0.0,0.891,"Across the NFL, teams even try to place extensive controls on how cheerleaders conduct their lives outside work https://t.co/c1SPyzMkFc"
435,@NYTimes,36,Mon Apr 02 21:04:45 +0000 2018,0.25,0.12,0.065,0.815,"- Cheerleaders for the Carolina Panthers must leave the stadium to change into their personal attire. 

- Baltimore‚Ä¶ https://t.co/0Lk7U2BhHa"
436,@NYTimes,37,Mon Apr 02 21:01:18 +0000 2018,0.296,0.15,0.097,0.752,"No sweatpants in public, ""ideal body weight"" requirements and personal hygiene tips: A look inside the rule books f‚Ä¶ https://t.co/OGkR8hOfpv"
437,@NYTimes,38,Mon Apr 02 20:55:06 +0000 2018,-0.6486,0.0,0.194,0.806,"""It was impossible not to think that if I were black, I‚Äôd be too scared to carry a gun. It was impossible not to re‚Ä¶ https://t.co/s7DVYZQtGS"
438,@NYTimes,39,Mon Apr 02 20:40:04 +0000 2018,0.0,0.0,0.0,1.0,"üéµTonight,
tonight,
we're watching these tonight üéµ
https://t.co/dq7rvDhB2Z"
439,@NYTimes,40,Mon Apr 02 20:24:04 +0000 2018,0.0,0.0,0.0,1.0,Breaking News: U.S. stock indexes fell sharply in a broad sell-off driven by continuing scrutiny of technology firm‚Ä¶ https://t.co/8wHQiG4YnP
440,@NYTimes,41,Mon Apr 02 20:10:03 +0000 2018,-0.5994,0.0,0.163,0.837,We asked NYT readers how they reacted to the news of Martin Luther King Jr.'s death. Here are their memories. https://t.co/eYiZT3y1XE
441,@NYTimes,42,Mon Apr 02 19:58:06 +0000 2018,0.0,0.0,0.0,1.0,As if snow in April weren't dispiriting enough... https://t.co/q4yFFFQexw
442,@NYTimes,43,Mon Apr 02 19:48:05 +0000 2018,0.0,0.0,0.0,1.0,The Mormon Church has appointed 2 people of color into senior leadership positions for the first time in its nearly‚Ä¶ https://t.co/FdxVOTAKGd
443,@NYTimes,44,Mon Apr 02 19:38:02 +0000 2018,0.0,0.0,0.0,1.0,"RT @ronlieber: After way too long of an absence, I'm back in @nytfood this week with a story about mimouna, which may become your new post-‚Ä¶"
444,@NYTimes,45,Mon Apr 02 19:28:06 +0000 2018,0.0,0.0,0.0,1.0,"Once again, there's concern how Sinclair wields power over its news broadcasts. https://t.co/UcCCnsdair"
445,@NYTimes,46,Mon Apr 02 19:25:40 +0000 2018,-0.3182,0.074,0.138,0.788,The Trump administration launched an effort to weaken Obama-era greenhouse gas and fuel economy standards for autom‚Ä¶ https://t.co/rFbQ5WgcEs
446,@NYTimes,47,Mon Apr 02 19:18:01 +0000 2018,0.0,0.0,0.0,1.0,RT @NYTStyles: ‚ÄúA lot of people think they‚Äôll be in weaves for the rest of their life.‚Äù https://t.co/oa1j7hcDXj
447,@NYTimes,48,Mon Apr 02 18:58:01 +0000 2018,0.0,0.0,0.0,1.0,Sinclair made dozens of local TV news anchors recite the same script to their combined millions of viewers https://t.co/RJeV7YKK5H
448,@NYTimes,49,Mon Apr 02 18:48:01 +0000 2018,0.4767,0.154,0.0,0.846,"Surrounded by children at the annual Easter Egg Roll festivities, President Trump lashed out again about DACA https://t.co/ca5CkZ6Tst"
449,@NYTimes,50,Mon Apr 02 18:38:03 +0000 2018,0.4404,0.162,0.0,0.838,Michigan got to the championship game by the seat of its pants. Villanova is a giant. https://t.co/mXZ2e939SA
450,@NYTimes,51,Mon Apr 02 18:29:02 +0000 2018,0.5267,0.216,0.0,0.784,"NFL cheerleader handbooks, 7 of which have been reviewed by The Times, include personal hygiene tips, like shaving‚Ä¶ https://t.co/ACxHXG2sKh"
451,@NYTimes,52,Mon Apr 02 18:18:03 +0000 2018,-0.5574,0.0,0.146,0.854,"If Robert Mueller is fired, what happens next? Impeachment might not be as likely as some think. Here‚Äôs a look at t‚Ä¶ https://t.co/opVhOTqZnh"
452,@NYTimes,53,Mon Apr 02 18:08:04 +0000 2018,-0.6705,0.085,0.288,0.627,"While other men accused of sexual harassment lie low, Mario Batali has been actively exploring when or whether he c‚Ä¶ https://t.co/qUyDSTcMD1"
453,@NYTimes,54,Mon Apr 02 17:58:03 +0000 2018,-0.7845,0.0,0.266,0.734,"The ""affluenza teen,"" who killed 4 people while driving drunk and then fled to Mexico in an effort to evade possibl‚Ä¶ https://t.co/TtmLhvjgcZ"
454,@NYTimes,55,Mon Apr 02 17:48:03 +0000 2018,0.5574,0.175,0.0,0.825,The Supreme Court ruled for an Arizona police officer who shot a woman outside her home in Tucson https://t.co/AAUTzW6ziv
455,@NYTimes,56,Mon Apr 02 17:38:02 +0000 2018,-0.6597,0.0,0.173,0.827,"RT @NYTScience: How did a virus that might ordinarily have claimed a few dolphins end up killing scores of them? In Brazil, scientists are‚Ä¶"
456,@NYTimes,57,Mon Apr 02 17:28:03 +0000 2018,-0.4588,0.074,0.181,0.745,"RT @nytimesworld: British and American officials say they are struck by the symbolism of the attack on the ex-spy, as well as its effective‚Ä¶"
457,@NYTimes,58,Mon Apr 02 17:18:03 +0000 2018,0.0,0.0,0.0,1.0,"Thousands of teachers in Oklahoma and Kentucky walked off the job Monday morning, shutting down school districts as‚Ä¶ https://t.co/C8mugq1zii"
458,@NYTimes,59,Mon Apr 02 17:08:03 +0000 2018,0.0772,0.064,0.0,0.936,"RT @NYTimesAtWar: On a trip from Iraqi Kurdistan to Sinjar, @alissanyt encountered an unsettling number of checkpoints that made travel nea‚Ä¶"
459,@NYTimes,60,Mon Apr 02 16:59:22 +0000 2018,0.0,0.0,0.0,1.0,"President Trump suggested Putin visit the White House, officials say https://t.co/WcdFrTkGk1"
460,@NYTimes,61,Mon Apr 02 16:48:04 +0000 2018,0.2263,0.091,0.0,0.909,RT @nytpolitics: He's been a Muppet wrangler and the U.S. ambassador to France. Now Charles Rivkin is Hollywood's head cheerleader. https:/‚Ä¶
461,@NYTimes,62,Mon Apr 02 16:38:04 +0000 2018,0.0,0.108,0.108,0.784,"As vaping rises at high schools and middle schools, officials are worried e-cigarettes are creating a new generatio‚Ä¶ https://t.co/PSMW4B4CV9"
462,@NYTimes,63,Mon Apr 02 16:28:07 +0000 2018,-0.0258,0.214,0.217,0.569,"Last fall, we shared readers' 13-word stories of romance, obsession and heartbreak. Here are some more of the thous‚Ä¶ https://t.co/oytdtBXYvW"
463,@NYTimes,64,Mon Apr 02 16:18:05 +0000 2018,-0.5574,0.0,0.159,0.841,"Steven Bochco, the producer of ‚ÄúHill Street Blues‚Äù and ‚ÄúNYPD Blue,‚Äù died on Sunday. His gritty police dramas change‚Ä¶ https://t.co/TDhOqQuazn"
464,@NYTimes,65,Mon Apr 02 16:08:07 +0000 2018,-0.5994,0.0,0.224,0.776,RT @TimHerrera: Stop wasting money and finally start that budget. Here are some tips to get you going. https://t.co/ufXXY3Hozb
465,@NYTimes,66,Mon Apr 02 15:58:05 +0000 2018,0.0,0.0,0.0,1.0,The race to automate stores is underway https://t.co/NYywyTdden
466,@NYTimes,67,Mon Apr 02 15:48:02 +0000 2018,0.3612,0.122,0.0,0.878,"A 77-year-old who owns an estimated 75 guns: ""It'll go away. Like all the other times.""
A 17-year-old who protests:‚Ä¶ https://t.co/lLYxoinohJ"
467,@NYTimes,68,Mon Apr 02 15:38:01 +0000 2018,0.5574,0.223,0.0,0.777,Review: NBC‚Äôs ‚ÄúJesus Christ Superstar‚Äù may have finally justified the recent live musical fad on network TV https://t.co/xoRihJn7JS
468,@NYTimes,69,Mon Apr 02 15:28:01 +0000 2018,-0.25,0.124,0.199,0.677,"The government of Malaysia is moving to outlaw ""fake news."" Critics say the move is intended to stifle free speech‚Ä¶ https://t.co/aNk1o7gmHb"
469,@NYTimes,70,Mon Apr 02 15:18:01 +0000 2018,0.431,0.11,0.0,0.89,"RT @NYTScience: When he was 12, his video went viral. That's when he discovered that maybe it's not correcting bad science that audiences o‚Ä¶"
470,@NYTimes,71,Mon Apr 02 15:08:08 +0000 2018,-0.1295,0.117,0.148,0.736,California's governor pardoned 5 ex-convicts who were facing possible deportation. President Trump wasn't pleased. https://t.co/ZULUDAIMpN
471,@NYTimes,72,Mon Apr 02 14:58:02 +0000 2018,-0.34,0.0,0.091,0.909,RT @nytopinion: People who don‚Äôt own guns understand that some need to own one; and gun owners understand the need to keep other people saf‚Ä¶
472,@NYTimes,73,Mon Apr 02 14:48:02 +0000 2018,0.0,0.0,0.0,1.0,"The women‚Äôs Final Four ended on Sunday for Notre Dame just as the semifinals had on Friday, with Arike Ogunbowale h‚Ä¶ https://t.co/CztABtxyNv"
473,@NYTimes,74,Mon Apr 02 14:38:02 +0000 2018,0.0,0.0,0.0,1.0,"""I turned and stared down the aisle where a kid who looked about 18 was aiming an AR-15 the salesman had handed him‚Ä¶ https://t.co/lF9PGhRwVt"
474,@NYTimes,75,Mon Apr 02 14:30:32 +0000 2018,-0.8442,0.0,0.412,0.588,"Winnie Madikizela-Mandela, whose fight against apartheid was later overshadowed by scandal, has died at 81 https://t.co/1CsDdgTHI8"
475,@NYTimes,76,Mon Apr 02 14:28:01 +0000 2018,-0.6124,0.0,0.179,0.821,"RT @nytimesworld: Violence has waned in what was the bloodiest day in Gaza since the war of 2014, but both sides have been defending their‚Ä¶"
476,@NYTimes,77,Mon Apr 02 14:18:01 +0000 2018,0.1531,0.226,0.142,0.632,The tech industry thinks it has a solution for the problems it created. (It's blockchain.) https://t.co/QeHe17EMUf
477,@NYTimes,78,Mon Apr 02 14:08:03 +0000 2018,0.3182,0.108,0.0,0.892,A museum wasn‚Äôt sure whose head they had put on display. That‚Äôs when the FBI‚Äôs forensic scientists were called in. https://t.co/URMhm8SPD9
478,@NYTimes,79,Mon Apr 02 13:58:01 +0000 2018,0.7184,0.261,0.0,0.739,"The #MeToo movement has brought down many powerful men. As the fallout continues, it's hitting charities and instit‚Ä¶ https://t.co/nEOXLoVy1B"
479,@NYTimes,80,Mon Apr 02 13:48:05 +0000 2018,-0.4019,0.0,0.13,0.87,The jobs these companies offer are in out-of-way places. The work is low-paid and disagreeable. And native-born Ame‚Ä¶ https://t.co/hjHTlixNw2
480,@NYTimes,81,Mon Apr 02 13:40:56 +0000 2018,0.1779,0.096,0.0,0.904,"RT @nytimes: Fact Check: The Facts Behind Trump‚Äôs Tweet on Amazon, Taxes and the Postal Service https://t.co/eDFR9JldgC"
481,@NYTimes,82,Mon Apr 02 13:38:05 +0000 2018,0.0,0.0,0.0,1.0,He's new to New York and has never worked in the city's public school system. Here's what the new chancellor of pub‚Ä¶ https://t.co/wp8saMunjv
482,@NYTimes,83,Mon Apr 02 13:28:04 +0000 2018,0.3818,0.157,0.0,0.843,"President Trump tweeted that DACA, a plan to protect young immigrants from deportation, is ""dead"" https://t.co/9YDJXm5zxj"
483,@NYTimes,84,Mon Apr 02 13:18:02 +0000 2018,0.0,0.0,0.0,1.0,A Chinese space station the size of a school bus re-entered the Earth's atmosphere on Sunday night https://t.co/dPzgN7upKb
484,@NYTimes,85,Mon Apr 02 13:08:03 +0000 2018,-0.6249,0.0,0.231,0.769,"People are increasingly calling for boycotts of the big tech companies. The problem is that Facebook, Apple, Amazon‚Ä¶ https://t.co/mu3o1ABVUe"
485,@NYTimes,86,Mon Apr 02 12:58:05 +0000 2018,-0.1786,0.0,0.078,0.922,"RT @nytimesworld: Unraveling a police state is never easy, but Uzbekistan is taking the first steps, at a time when even once-proudly democ‚Ä¶"
486,@NYTimes,87,Mon Apr 02 12:53:04 +0000 2018,0.0,0.0,0.0,1.0,China just hit back at President Trump‚Äôs tariffs on steel and aluminum. The country placed tariffs on pork and 127‚Ä¶ https://t.co/EbNr0v3uqb
487,@NYTimes,88,Mon Apr 02 12:48:02 +0000 2018,-0.743,0.0,0.259,0.741,Jared Kushner wants to overhaul the prison system. Jeff Sessions bitterly opposes such a move. That has set the sce‚Ä¶ https://t.co/bfAvyriu7c
488,@NYTimes,89,Mon Apr 02 12:38:03 +0000 2018,0.0,0.0,0.0,1.0,"""They can pin them on to their shirt collar or bra strap and lean over and take a hit every now and then, and who‚Äôs‚Ä¶ https://t.co/OH3RxnOwnI"
489,@NYTimes,90,Mon Apr 02 12:28:06 +0000 2018,-0.5859,0.0,0.192,0.808,British officials investigating the poisoning of a former Russian spy believe it's likely that an assassin smeared‚Ä¶ https://t.co/OasjVi4bKl
490,@NYTimes,91,Mon Apr 02 12:18:02 +0000 2018,0.0,0.0,0.0,1.0,Morning Briefing: Here's what you need to know to start your day https://t.co/uuuWI3FzBW
491,@NYTimes,92,Mon Apr 02 12:11:20 +0000 2018,0.6369,0.16,0.0,0.84,RT @nytimesmusic: Ashley McBryde's career as a Nashville songwriter never took off. Now she‚Äôs made one of the best country albums of the la‚Ä¶
492,@NYTimes,93,Mon Apr 02 12:05:21 +0000 2018,0.0,0.0,0.0,1.0,Why Sinclair made dozens of local TV news anchors recite the same script https://t.co/c0rMxKmTLy
493,@NYTimes,94,Mon Apr 02 12:03:36 +0000 2018,-0.296,0.104,0.157,0.739,"RT @NYTObits: She died at 17, giving her life to the cause of Korean resistance to Japanese rule. https://t.co/ciesDZrE83"
494,@NYTimes,95,Mon Apr 02 11:45:58 +0000 2018,0.6908,0.322,0.0,0.678,A few practical recommendations to make it easier to drink better wine every day https://t.co/kB6aDmlcnD
495,@NYTimes,96,Mon Apr 02 11:28:16 +0000 2018,0.25,0.158,0.0,0.842,"RT @NYTHealth: First retirement, then unretirement: A growing number of older workers are heading back to the workplace. https://t.co/NRZ0T‚Ä¶"
496,@NYTimes,97,Mon Apr 02 11:12:01 +0000 2018,-0.7906,0.0,0.25,0.75,"It was at the center of one of the largest fraud scandals in the history of for-profit colleges. Now, it's asking t‚Ä¶ https://t.co/8ZZIUZNHDe"
497,@NYTimes,98,Mon Apr 02 10:58:28 +0000 2018,0.0,0.0,0.0,1.0,Nonfiction: The Epidemic of Wrongful Convictions in America https://t.co/DNFSK8bgPQ
498,@NYTimes,99,Mon Apr 02 10:49:49 +0000 2018,-0.5423,0.0,0.149,0.851,"RT @nytimesarts: Collaborating on a ""Mean Girls"" musical ""could have been a bad arranged marriage,"" says Tina Fey. ""I feel really very luck‚Ä¶"
499,@NYTimes,100,Mon Apr 02 10:32:05 +0000 2018,0.3612,0.122,0.0,0.878,"A 77-year-old who owns an estimated 75 guns: ""It'll go away. Like all the other times.""
A 17-year-old who protests:‚Ä¶ https://t.co/O1gJ5AEHgL"
